step,t,phi_infect,c_immune,c_endo,c_renal,c_cardiac,c_total,psi,Ms,regime
0,0.0,1.0,0.5032,0.501,0.5006,0.5004,2.0053,0.0997,0.2499,constrained
1,0.05,1.0,0.5065,0.502,0.5013,0.5008,2.0105,0.124,0.2997,constrained
2,0.1,1.0,0.5097,0.5031,0.5019,0.5011,2.0158,0.148,0.3493,constrained
3,0.15,1.0,0.513,0.5041,0.5025,0.5015,2.0211,0.1717,0.3988,constrained
4,0.2,1.0,0.5162,0.5051,0.5032,0.5019,2.0264,0.1951,0.4482,constrained
5,0.25,1.0,0.5194,0.5062,0.5038,0.5023,2.0317,0.2182,0.4974,constrained
6,0.3,1.0,0.5226,0.5073,0.5044,0.5027,2.037,0.2411,0.5465,constrained
7,0.35,1.0,0.5259,0.5083,0.5051,0.503,2.0423,0.2638,0.5955,constrained
8,0.4,1.0,0.5291,0.5094,0.5057,0.5034,2.0476,0.2861,0.6444,constrained
9,0.45,1.0,0.5323,0.5105,0.5063,0.5038,2.0529,0.3083,0.6932,constrained
10,0.5,1.0,0.5355,0.5116,0.507,0.5042,2.0583,0.3302,0.7419,constrained
11,0.55,1.0,0.5387,0.5127,0.5076,0.5046,2.0636,0.3519,0.7904,constrained
12,0.6,1.0,0.5419,0.5138,0.5083,0.505,2.0689,0.3733,0.8389,constrained
13,0.65,1.0,0.5451,0.5149,0.5089,0.5054,2.0743,0.3946,0.8873,constrained
14,0.7,1.0,0.5482,0.5161,0.5096,0.5058,2.0797,0.4156,0.9355,constrained
15,0.75,1.0,0.5514,0.5172,0.5102,0.5062,2.085,0.4365,0.9837,constrained
16,0.8,1.0,0.5546,0.5183,0.5109,0.5066,2.0904,0.4572,1.0318,constrained
17,0.85,1.0,0.5578,0.5195,0.5115,0.507,2.0958,0.4777,1.0798,constrained
18,0.9,1.0,0.5609,0.5207,0.5122,0.5074,2.1012,0.498,1.1277,constrained
19,0.95,1.0,0.5641,0.5218,0.5129,0.5078,2.1065,0.5181,1.1755,constrained
20,1.0,1.0,0.5672,0.523,0.5135,0.5082,2.1119,0.5381,1.2233,constrained
21,1.05,1.0,0.5704,0.5242,0.5142,0.5086,2.1173,0.5579,1.2709,constrained
22,1.1,1.0,0.5735,0.5254,0.5148,0.509,2.1228,0.5775,1.3185,constrained
23,1.15,1.0,0.5767,0.5266,0.5155,0.5094,2.1282,0.597,1.3661,constrained
24,1.2,1.0,0.5798,0.5278,0.5162,0.5098,2.1336,0.6164,1.4135,constrained
25,1.25,1.0,0.5829,0.529,0.5169,0.5102,2.139,0.6356,1.4609,constrained
26,1.3,1.0,0.5861,0.5303,0.5175,0.5106,2.1445,0.6547,1.5082,constrained
27,1.35,1.0,0.5892,0.5315,0.5182,0.5111,2.1499,0.6736,1.5555,constrained
28,1.4,1.0,0.5923,0.5327,0.5189,0.5115,2.1554,0.6925,1.6027,constrained
29,1.45,1.0,0.5954,0.534,0.5196,0.5119,2.1608,0.7112,1.6498,constrained
30,1.5,1.0,0.5985,0.5353,0.5202,0.5123,2.1663,0.7298,1.6969,constrained
31,1.55,1.0,0.6016,0.5365,0.5209,0.5127,2.1718,0.7483,1.7439,constrained
32,1.6,1.0,0.6047,0.5378,0.5216,0.5131,2.1773,0.7666,1.7909,constrained
33,1.65,1.0,0.6078,0.5391,0.5223,0.5136,2.1828,0.7849,1.8379,constrained
34,1.7,1.0,0.6109,0.5404,0.523,0.514,2.1883,0.8031,1.8847,balanced
35,1.75,1.0,0.614,0.5417,0.5237,0.5144,2.1938,0.8212,1.9316,balanced
36,1.8,1.0,0.6171,0.543,0.5244,0.5149,2.1993,0.8392,1.9784,balanced
37,1.85,1.0,0.6201,0.5443,0.5251,0.5153,2.2048,0.8571,2.0252,balanced
38,1.9,1.0,0.6232,0.5456,0.5258,0.5157,2.2103,0.875,2.0719,balanced
39,1.95,1.0,0.6263,0.547,0.5265,0.5161,2.2158,0.8928,2.1186,balanced
40,2.0,1.0,0.6293,0.5483,0.5272,0.5166,2.2214,0.9105,2.1653,balanced
41,2.05,1.0,0.6324,0.5497,0.5279,0.517,2.2269,0.9281,2.2119,balanced
42,2.1,1.0,0.6354,0.551,0.5286,0.5175,2.2325,0.9457,2.2585,balanced
43,2.15,1.0,0.6385,0.5524,0.5293,0.5179,2.238,0.9632,2.3051,balanced
44,2.2,1.0,0.6415,0.5538,0.53,0.5183,2.2436,0.9806,2.3517,balanced
45,2.25,1.0,0.6446,0.5551,0.5307,0.5188,2.2492,0.998,2.3983,balanced
46,2.3,1.0,0.6476,0.5565,0.5314,0.5192,2.2548,1.0154,2.4448,balanced
47,2.35,1.0,0.6506,0.5579,0.5321,0.5197,2.2604,1.0327,2.4913,balanced
48,2.4,1.0,0.6536,0.5593,0.5329,0.5201,2.2659,1.0499,2.5378,balanced
49,2.45,1.0,0.6567,0.5607,0.5336,0.5206,2.2716,1.0672,2.5843,balanced
50,2.5,4.0,0.6717,0.5622,0.5343,0.521,2.2892,4.3146,2.7741,overload
51,2.55,3.9701,0.6866,0.5637,0.535,0.5215,2.3068,4.6021,2.9641,overload
52,2.6,3.9406,0.7013,0.5652,0.5358,0.5219,2.3242,4.8897,3.1543,overload
53,2.65,3.9113,0.7159,0.5668,0.5365,0.5224,2.3416,5.1781,3.3449,overload
54,2.7,3.8824,0.7303,0.5684,0.5372,0.5229,2.3589,5.4682,3.536,overload
55,2.75,3.8537,0.7447,0.5701,0.538,0.5233,2.376,5.7606,3.7278,overload
56,2.8,3.8253,0.7588,0.5718,0.5387,0.5238,2.3931,6.0561,3.9203,overload
57,2.85,3.7972,0.7729,0.5735,0.5394,0.5243,2.4101,6.3553,4.1137,overload
58,2.9,3.7693,0.7868,0.5753,0.5402,0.5247,2.4271,6.6588,4.3081,overload
59,2.95,3.7418,0.8006,0.5772,0.5409,0.5252,2.4439,6.9674,4.5036,overload
60,3.0,3.7145,0.8143,0.579,0.5417,0.5257,2.4606,7.2817,4.7003,overload
61,3.05,3.6875,0.8278,0.5809,0.5424,0.5262,2.4773,7.6023,4.8982,overload
62,3.1,3.6608,0.8412,0.5829,0.5432,0.5266,2.4939,7.9299,5.0977,overload
63,3.15,3.6343,0.8545,0.5849,0.544,0.5271,2.5104,8.2651,5.2986,overload
64,3.2,3.6081,0.8676,0.5869,0.5447,0.5276,2.5268,8.6087,5.5012,overload
65,3.25,3.5821,0.8806,0.5889,0.5455,0.5281,2.5432,8.9614,5.7056,overload
66,3.3,3.5564,0.8935,0.591,0.5463,0.5286,2.5594,9.3237,5.9119,overload
67,3.35,3.531,0.9063,0.5931,0.5471,0.5291,2.5756,9.6965,6.1202,overload
68,3.4,3.5058,0.919,0.5953,0.5478,0.5296,2.5917,10.0805,6.3305,overload
69,3.45,3.4809,0.9315,0.5975,0.5486,0.5301,2.6077,10.4765,6.5432,overload
70,3.5,3.4562,0.944,0.5997,0.5494,0.5306,2.6237,10.8852,6.7581,overload
71,3.55,3.4318,0.9563,0.602,0.5502,0.5311,2.6396,11.3075,6.9756,overload
72,3.6,3.4076,0.9685,0.6043,0.551,0.5316,2.6554,11.7443,7.1956,overload
73,3.65,3.3836,0.9806,0.6067,0.5518,0.5321,2.6711,12.1965,7.4184,overload
74,3.7,3.3599,0.9925,0.609,0.5526,0.5326,2.6867,12.6651,7.644,overload
75,3.75,3.3364,1.0044,0.6114,0.5534,0.5331,2.7023,13.1509,7.8727,overload
76,3.8,3.3132,1.0161,0.6139,0.5542,0.5336,2.7179,13.6552,8.1044,overload
77,3.85,3.2901,1.0278,0.6163,0.555,0.5342,2.7333,14.179,8.3395,overload
78,3.9,3.2674,1.0393,0.6188,0.5559,0.5347,2.7487,14.7235,8.5779,overload
79,3.95,3.2448,1.0507,0.6214,0.5567,0.5352,2.764,15.2899,8.82,overload
80,4.0,3.2225,1.062,0.6239,0.5575,0.5358,2.7792,15.8796,9.0658,overload
81,4.05,3.2003,1.0732,0.6265,0.5583,0.5363,2.7944,16.4939,9.3154,overload
82,4.1,3.1784,1.0843,0.6292,0.5592,0.5368,2.8095,17.1344,9.5692,overload
83,4.15,3.1568,1.0953,0.6318,0.56,0.5374,2.8246,17.8026,9.8271,overload
84,4.2,3.1353,1.1062,0.6345,0.5609,0.5379,2.8395,18.5001,10.0895,overload
85,4.25,3.1141,1.117,0.6372,0.5617,0.5385,2.8545,19.2289,10.3565,overload
86,4.3,3.093,1.1277,0.64,0.5626,0.539,2.8693,19.9908,10.6282,overload
87,4.35,3.0722,1.1383,0.6427,0.5635,0.5396,2.8841,20.7878,10.9049,overload
88,4.4,3.0516,1.1488,0.6455,0.5643,0.5402,2.8989,21.6221,11.1869,overload
89,4.45,3.0312,1.1592,0.6484,0.5652,0.5407,2.9135,22.4961,11.4742,overload
90,4.5,3.011,1.1695,0.6512,0.5661,0.5413,2.9281,23.4122,11.7672,overload
91,4.55,2.991,1.1797,0.6541,0.567,0.5419,2.9427,24.3732,12.0661,overload
92,4.6,2.9711,1.1899,0.657,0.5678,0.5425,2.9572,25.382,12.3711,overload
93,4.65,2.9515,1.1999,0.66,0.5687,0.543,2.9716,26.4415,12.6825,overload
94,4.7,2.9321,1.2098,0.6629,0.5696,0.5436,2.986,27.5552,13.0005,overload
95,4.75,2.9129,1.2196,0.6659,0.5705,0.5442,3.0004,28.7267,13.3255,overload
96,4.8,2.8939,1.2294,0.669,0.5715,0.5448,3.0146,29.9598,13.6578,overload
97,4.85,2.875,1.239,0.672,0.5724,0.5454,3.0288,31.2587,13.9975,overload
98,4.9,2.8564,1.2486,0.6751,0.5733,0.546,3.043,32.6278,14.3452,overload
99,4.95,2.8379,1.2581,0.6782,0.5742,0.5466,3.0571,34.0722,14.7011,overload
100,5.0,2.8196,1.2675,0.6813,0.5752,0.5472,3.0712,35.5969,15.0656,overload
101,5.05,2.8015,1.2768,0.6845,0.5761,0.5479,3.0852,37.2079,15.439,overload
102,5.1,2.7836,1.286,0.6876,0.577,0.5485,3.0991,38.9112,15.8218,overload
103,5.15,2.7658,1.2951,0.6908,0.578,0.5491,3.1131,40.7137,16.2144,overload
104,5.2,2.7482,1.3042,0.6941,0.5789,0.5497,3.1269,42.6226,16.6173,overload
105,5.25,2.7308,1.3132,0.6973,0.5799,0.5504,3.1407,44.6459,17.0309,overload
106,5.3,2.7136,1.322,0.7006,0.5809,0.551,3.1545,46.7923,17.4557,overload
107,5.35,2.6966,1.3308,0.7039,0.5818,0.5516,3.1682,49.0713,17.8923,overload
108,5.4,2.6797,1.3396,0.7072,0.5828,0.5523,3.1818,51.4933,18.3413,overload
109,5.45,2.663,1.3482,0.7105,0.5838,0.5529,3.1955,54.0696,18.8031,overload
110,5.5,2.6464,1.3568,0.7139,0.5848,0.5536,3.209,56.8127,19.2785,overload
111,5.55,2.6301,1.3653,0.7173,0.5858,0.5543,3.2226,59.7362,19.7681,overload
112,5.6,2.6138,1.3737,0.7207,0.5868,0.5549,3.236,62.855,20.2681,overload
113,5.65,2.5978,1.382,0.7241,0.5878,0.5556,3.2495,66.1708,20.7681,overload
114,5.7,2.5819,1.3902,0.7275,0.5888,0.5563,3.2629,69.6625,21.2681,overload
115,5.75,2.5661,1.3984,0.731,0.5898,0.557,3.2762,73.3406,21.7681,overload
116,5.8,2.5506,1.4065,0.7345,0.5909,0.5576,3.2895,77.216,22.2681,overload
117,5.85,2.5351,1.4146,0.738,0.5919,0.5583,3.3028,81.3006,22.7681,overload
118,5.9,2.5199,1.4225,0.7415,0.5929,0.559,3.316,85.6067,23.2681,overload
119,5.95,2.5047,1.4304,0.7451,0.594,0.5597,3.3292,90.1474,23.7681,overload
120,6.0,2.4898,1.4382,0.7486,0.595,0.5604,3.3423,94.9366,24.2681,overload
121,6.05,2.4749,1.446,0.7522,0.5961,0.5611,3.3554,99.989,24.7681,overload
122,6.1,2.4603,1.4536,0.7558,0.5971,0.5618,3.3685,105.3201,25.2681,overload
123,6.15,2.4457,1.4612,0.7595,0.5982,0.5626,3.3815,110.9464,25.7681,overload
124,6.2,2.4313,1.4688,0.7631,0.5993,0.5633,3.3945,116.8854,26.2681,overload
125,6.25,2.4171,1.4762,0.7668,0.6004,0.564,3.4074,123.1556,26.7681,overload
126,6.3,2.403,1.4836,0.7705,0.6015,0.5647,3.4203,129.7764,27.2681,overload
127,6.35,2.389,1.491,0.7742,0.6026,0.5655,3.4332,136.7688,27.7681,overload
128,6.4,2.3752,1.4982,0.7779,0.6037,0.5662,3.446,144.1547,28.2681,overload
129,6.45,2.3615,1.5054,0.7816,0.6048,0.567,3.4588,151.9574,28.7681,overload
130,6.5,2.348,1.5126,0.7854,0.6059,0.5677,3.4716,160.2016,29.2681,overload
131,6.55,2.3346,1.5196,0.7892,0.607,0.5685,3.4843,168.9135,29.7681,overload
132,6.6,2.3213,1.5266,0.7929,0.6082,0.5692,3.497,178.1208,30.2681,overload
133,6.65,2.3081,1.5336,0.7968,0.6093,0.57,3.5096,187.8531,30.7681,overload
134,6.7,2.2951,1.5405,0.8006,0.6104,0.5708,3.5223,198.1415,31.2681,overload
135,6.75,2.2822,1.5473,0.8044,0.6116,0.5716,3.5348,209.0191,31.7681,overload
136,6.8,2.2695,1.554,0.8083,0.6127,0.5723,3.5474,220.5211,32.2681,overload
137,6.85,2.2569,1.5607,0.8122,0.6139,0.5731,3.5599,232.1899,32.7681,overload
138,6.9,2.2443,1.5674,0.816,0.6151,0.5739,3.5724,243.9544,33.2681,overload
139,6.95,2.232,1.5739,0.8199,0.6163,0.5747,3.5849,255.8108,33.7681,overload
140,7.0,2.2197,1.5805,0.8239,0.6174,0.5755,3.5973,267.7554,34.2681,overload
141,7.05,2.2076,1.5869,0.8278,0.6186,0.5763,3.6097,279.7847,34.7681,overload
142,7.1,2.1956,1.5933,0.8318,0.6198,0.5772,3.6221,291.8954,35.2681,overload
143,7.15,2.1837,1.5997,0.8357,0.621,0.578,3.6344,304.0841,35.7681,overload
144,7.2,2.1719,1.606,0.8397,0.6223,0.5788,3.6467,316.3476,36.2681,overload
145,7.25,2.1602,1.6122,0.8437,0.6235,0.5796,3.659,328.6829,36.7681,overload
146,7.3,2.1487,1.6184,0.8477,0.6247,0.5805,3.6713,341.087,37.2681,overload
147,7.35,2.1372,1.6245,0.8517,0.6259,0.5813,3.6835,353.557,37.7681,overload
148,7.4,2.1259,1.6306,0.8558,0.6272,0.5822,3.6957,366.0902,38.2681,overload
149,7.45,2.1147,1.6366,0.8598,0.6284,0.583,3.7078,378.6838,38.7681,overload
150,7.5,2.1036,1.6425,0.8639,0.6297,0.5839,3.72,391.3354,39.2681,overload
151,7.55,2.0927,1.6484,0.868,0.6309,0.5847,3.7321,404.0424,39.7681,overload
152,7.6,2.0818,1.6543,0.8721,0.6322,0.5856,3.7442,416.8024,40.2681,overload
153,7.65,2.071,1.6601,0.8762,0.6335,0.5865,3.7563,429.6131,40.7681,overload
154,7.7,2.0604,1.6658,0.8803,0.6348,0.5874,3.7683,442.4722,41.2681,overload
155,7.75,2.0498,1.6715,0.8844,0.6361,0.5883,3.7803,455.3776,41.7681,overload
156,7.8,2.0394,1.6772,0.8886,0.6374,0.5891,3.7923,468.3273,42.2681,overload
157,7.85,2.029,1.6828,0.8928,0.6387,0.59,3.8043,481.3191,42.7681,overload
158,7.9,2.0188,1.6883,0.8969,0.64,0.5909,3.8162,494.3512,43.2681,overload
159,7.95,2.0086,1.6938,0.9011,0.6413,0.5919,3.8281,507.4218,43.7681,overload
160,8.0,1.9986,1.6993,0.9053,0.6427,0.5928,3.84,520.5289,44.2681,overload
161,8.05,1.9887,1.7047,0.9095,0.644,0.5937,3.8519,533.6709,44.7681,overload
162,8.1,1.9788,1.7101,0.9137,0.6453,0.5946,3.8637,546.8461,45.2681,overload
163,8.15,1.9691,1.7154,0.918,0.6467,0.5955,3.8756,560.0529,45.7681,overload
164,8.2,1.9595,1.7206,0.9222,0.648,0.5965,3.8874,573.2898,46.2681,overload
165,8.25,1.9499,1.7259,0.9265,0.6494,0.5974,3.8992,586.5552,46.7681,overload
166,8.3,1.9405,1.731,0.9307,0.6508,0.5984,3.9109,599.8478,47.2681,overload
167,8.35,1.9311,1.7362,0.935,0.6522,0.5993,3.9227,613.1662,47.7681,overload
168,8.4,1.9218,1.7412,0.9393,0.6536,0.6003,3.9344,626.509,48.2681,overload
169,8.45,1.9127,1.7463,0.9436,0.655,0.6012,3.9461,639.8749,48.7681,overload
170,8.5,1.9036,1.7513,0.9479,0.6564,0.6022,3.9578,653.2629,49.2681,overload
171,8.55,1.8946,1.7562,0.9522,0.6578,0.6032,3.9694,666.6716,49.7681,overload
172,8.6,1.8857,1.7611,0.9566,0.6592,0.6042,3.9811,680.0999,50.2681,overload
173,8.65,1.8769,1.766,0.9609,0.6606,0.6052,3.9927,693.5469,50.7681,overload
174,8.7,1.8682,1.7708,0.9653,0.6621,0.6062,4.0043,707.0114,51.2681,overload
175,8.75,1.8595,1.7756,0.9696,0.6635,0.6072,4.0159,720.4925,51.7681,overload
176,8.8,1.851,1.7803,0.974,0.6649,0.6082,4.0274,733.9891,52.2681,overload
177,8.85,1.8425,1.785,0.9784,0.6664,0.6092,4.039,747.5005,52.7681,overload
178,8.9,1.8341,1.7897,0.9828,0.6679,0.6102,4.0505,761.0257,53.2681,overload
179,8.95,1.8258,1.7943,0.9872,0.6693,0.6112,4.062,774.5639,53.7681,overload
180,9.0,1.8176,1.7989,0.9916,0.6708,0.6122,4.0735,788.1143,54.2681,overload
181,9.05,1.8095,1.8034,0.996,0.6723,0.6133,4.085,801.6761,54.7681,overload
182,9.1,1.8014,1.8079,1.0004,0.6738,0.6143,4.0965,815.2487,55.2681,overload
183,9.15,1.7934,1.8124,1.0049,0.6753,0.6154,4.1079,828.8312,55.7681,overload
184,9.2,1.7855,1.8168,1.0093,0.6768,0.6164,4.1194,842.4232,56.2681,overload
185,9.25,1.7777,1.8212,1.0138,0.6783,0.6175,4.1308,856.0238,56.7681,overload
186,9.3,1.77,1.8256,1.0182,0.6799,0.6185,4.1422,869.6327,57.2681,overload
187,9.35,1.7623,1.8299,1.0227,0.6814,0.6196,4.1536,883.249,57.7681,overload
188,9.4,1.7547,1.8341,1.0272,0.683,0.6207,4.165,896.8724,58.2681,overload
189,9.45,1.7472,1.8384,1.0317,0.6845,0.6218,4.1763,910.5024,58.7681,overload
190,9.5,1.7398,1.8426,1.0362,0.6861,0.6229,4.1877,924.1383,59.2681,overload
191,9.55,1.7324,1.8467,1.0407,0.6876,0.624,4.199,937.7798,59.7681,overload
192,9.6,1.7251,1.8509,1.0452,0.6892,0.6251,4.2103,951.4265,60.2681,overload
193,9.65,1.7179,1.855,1.0497,0.6908,0.6262,4.2216,965.0779,60.7681,overload
194,9.7,1.7108,1.859,1.0542,0.6924,0.6273,4.2329,978.7336,61.2681,overload
195,9.75,1.7037,1.8631,1.0587,0.694,0.6284,4.2442,992.3933,61.7681,overload
196,9.8,1.6967,1.8671,1.0633,0.6956,0.6295,4.2554,1006.0567,62.2681,overload
197,9.85,1.6898,1.871,1.0678,0.6972,0.6306,4.2667,1019.7233,62.7681,overload
198,9.9,1.6829,1.8749,1.0724,0.6988,0.6318,4.2779,1033.393,63.2681,overload
199,9.95,1.6761,1.8788,1.077,0.7004,0.6329,4.2892,1047.0654,63.7681,overload
200,10.0,1.6694,1.8827,1.0815,0.7021,0.6341,4.3004,1060.7403,64.2681,overload
201,10.05,1.6627,1.8865,1.0861,0.7037,0.6352,4.3116,1074.4174,64.7681,overload
202,10.1,1.6561,1.8903,1.0907,0.7054,0.6364,4.3228,1088.0965,65.2681,overload
203,10.15,1.6496,1.8941,1.0953,0.707,0.6375,4.334,1101.7775,65.7681,overload
204,10.2,1.6431,1.8978,1.0999,0.7087,0.6387,4.3451,1115.46,66.2681,overload
205,10.25,1.6367,1.9015,1.1045,0.7104,0.6399,4.3563,1129.144,66.7681,overload
206,10.3,1.6304,1.9052,1.1091,0.7121,0.6411,4.3674,1142.8292,67.2681,overload
207,10.35,1.6241,1.9088,1.1137,0.7138,0.6423,4.3786,1156.5156,67.7681,overload
208,10.4,1.6179,1.9124,1.1183,0.7155,0.6435,4.3897,1170.203,68.2681,overload
209,10.45,1.6118,1.916,1.123,0.7172,0.6447,4.4008,1183.8912,68.7681,overload
210,10.5,1.6057,1.9196,1.1276,0.7189,0.6459,4.4119,1197.5803,69.2681,overload
211,10.55,1.5997,1.9231,1.1322,0.7206,0.6471,4.423,1211.27,69.7681,overload
212,10.6,1.5937,1.9266,1.1369,0.7224,0.6483,4.4341,1224.9604,70.2681,overload
213,10.65,1.5878,1.93,1.1415,0.7241,0.6495,4.4452,1238.6514,70.7681,overload
214,10.7,1.5819,1.9335,1.1462,0.7258,0.6508,4.4563,1252.3428,71.2681,overload
215,10.75,1.5761,1.9369,1.1509,0.7276,0.652,4.4673,1266.0348,71.7681,overload
216,10.8,1.5704,1.9402,1.1555,0.7294,0.6532,4.4784,1279.7272,72.2681,overload
217,10.85,1.5647,1.9436,1.1602,0.7311,0.6545,4.4894,1293.42,72.7681,overload
218,10.9,1.5591,1.9469,1.1649,0.7329,0.6558,4.5005,1307.1132,73.2681,overload
219,10.95,1.5536,1.9502,1.1696,0.7347,0.657,4.5115,1320.8068,73.7681,overload
220,11.0,1.5481,1.9535,1.1743,0.7365,0.6583,4.5225,1334.5009,74.2681,overload
221,11.05,1.5426,1.9567,1.179,0.7383,0.6596,4.5336,1348.1953,74.7681,overload
222,11.1,1.5372,1.9599,1.1837,0.7401,0.6608,4.5446,1361.8903,75.2681,overload
223,11.15,1.5319,1.9631,1.1884,0.742,0.6621,4.5556,1375.5858,75.7681,overload
224,11.2,1.5266,1.9663,1.1931,0.7438,0.6634,4.5666,1389.2818,76.2681,overload
225,11.25,1.5213,1.9694,1.1978,0.7456,0.6647,4.5775,1402.9785,76.7681,overload
226,11.3,1.5161,1.9725,1.2025,0.7475,0.666,4.5885,1416.6758,77.2681,overload
227,11.35,1.511,1.9756,1.2072,0.7493,0.6673,4.5995,1430.3738,77.7681,overload
228,11.4,1.5059,1.9787,1.212,0.7512,0.6687,4.6105,1444.0726,78.2681,overload
229,11.45,1.5009,1.9817,1.2167,0.7531,0.67,4.6214,1457.7723,78.7681,overload
230,11.5,1.4959,1.9847,1.2214,0.7549,0.6713,4.6324,1471.473,79.2681,overload
231,11.55,1.491,1.9877,1.2262,0.7568,0.6726,4.6433,1485.1747,79.7681,overload
232,11.6,1.4861,1.9907,1.2309,0.7587,0.674,4.6543,1498.8776,80.2681,overload
233,11.65,1.4812,1.9936,1.2357,0.7606,0.6753,4.6652,1512.5817,80.7681,overload
234,11.7,1.4765,1.9965,1.2404,0.7625,0.6767,4.6762,1526.2872,81.2681,overload
235,11.75,1.4717,1.9994,1.2452,0.7644,0.678,4.6871,1539.9941,81.7681,overload
236,11.8,1.467,2.0023,1.25,0.7664,0.6794,4.698,1553.7026,82.2681,overload
237,11.85,1.4624,2.0051,1.2547,0.7683,0.6808,4.7089,1567.4129,82.7681,overload
238,11.9,1.4578,2.0079,1.2595,0.7702,0.6822,4.7198,1581.1249,83.2681,overload
239,11.95,1.4532,2.0107,1.2643,0.7722,0.6836,4.7308,1594.8389,83.7681,overload
240,12.0,1.4487,2.0135,1.269,0.7742,0.6849,4.7417,1608.555,84.2681,overload
241,12.05,1.4442,2.0163,1.2738,0.7761,0.6863,4.7526,1622.2734,84.7681,overload
242,12.1,1.4398,2.019,1.2786,0.7781,0.6877,4.7635,1635.9941,85.2681,overload
243,12.15,1.4354,2.0217,1.2834,0.7801,0.6892,4.7743,1649.7173,85.7681,overload
244,12.2,1.4311,2.0244,1.2882,0.7821,0.6906,4.7852,1663.4431,86.2681,overload
245,12.25,1.4268,2.0271,1.293,0.7841,0.692,4.7961,1677.1717,86.7681,overload
246,12.3,1.4226,2.0297,1.2978,0.7861,0.6934,4.807,1690.9033,87.2681,overload
247,12.35,1.4184,2.0324,1.3026,0.7881,0.6948,4.8179,1704.638,87.7681,overload
248,12.4,1.4142,2.035,1.3074,0.7901,0.6963,4.8288,1718.3759,88.2681,overload
249,12.45,1.4101,2.0376,1.3122,0.7922,0.6977,4.8396,1732.1172,88.7681,overload
250,12.5,1.406,2.0401,1.317,0.7942,0.6992,4.8505,1745.8621,89.2681,overload
251,12.55,1.402,2.0427,1.3218,0.7962,0.7006,4.8614,1759.6108,89.7681,overload
252,12.6,1.398,2.0452,1.3266,0.7983,0.7021,4.8722,1773.3633,90.2681,overload
253,12.65,1.394,2.0477,1.3314,0.8004,0.7036,4.8831,1787.1198,90.7681,overload
254,12.7,1.3901,2.0502,1.3362,0.8024,0.7051,4.8939,1800.8806,91.2681,overload
255,12.75,1.3862,2.0527,1.3411,0.8045,0.7065,4.9048,1814.6457,91.7681,overload
256,12.8,1.3824,2.0551,1.3459,0.8066,0.708,4.9156,1828.4154,92.2681,overload
257,12.85,1.3786,2.0576,1.3507,0.8087,0.7095,4.9265,1842.1898,92.7681,overload
258,12.9,1.3748,2.06,1.3555,0.8108,0.711,4.9373,1855.9691,93.2681,overload
259,12.95,1.3711,2.0624,1.3604,0.8129,0.7125,4.9482,1869.7534,93.7681,overload
260,13.0,1.3674,2.0647,1.3652,0.815,0.714,4.959,1883.543,94.2681,overload
261,13.05,1.3637,2.0671,1.37,0.8172,0.7156,4.9699,1897.3379,94.7681,overload
262,13.1,1.3601,2.0694,1.3749,0.8193,0.7171,4.9807,1911.1384,95.2681,overload
263,13.15,1.3565,2.0718,1.3797,0.8214,0.7186,4.9916,1924.9446,95.7681,overload
264,13.2,1.353,2.0741,1.3846,0.8236,0.7202,5.0024,1938.7567,96.2681,overload
265,13.25,1.3495,2.0763,1.3894,0.8258,0.7217,5.0132,1952.5749,96.7681,overload
266,13.3,1.346,2.0786,1.3943,0.8279,0.7233,5.0241,1966.3994,97.2681,overload
267,13.35,1.3425,2.0809,1.3991,0.8301,0.7248,5.0349,1980.2302,97.7681,overload
268,13.4,1.3391,2.0831,1.404,0.8323,0.7264,5.0457,1994.0676,98.2681,overload
269,13.45,1.3358,2.0853,1.4088,0.8345,0.7279,5.0566,2007.9118,98.7681,overload
270,13.5,1.3324,2.0875,1.4137,0.8367,0.7295,5.0674,2021.7629,99.2681,overload
271,13.55,1.3291,2.0897,1.4185,0.8389,0.7311,5.0782,2035.6211,99.7681,overload
272,13.6,1.3258,2.0919,1.4234,0.8411,0.7327,5.0891,2049.4866,100.2681,overload
273,13.65,1.3226,2.094,1.4282,0.8433,0.7343,5.0999,2063.3594,100.7681,overload
274,13.7,1.3194,2.0962,1.4331,0.8456,0.7359,5.1107,2077.2399,101.2681,overload
275,13.75,1.3162,2.0983,1.438,0.8478,0.7375,5.1215,2091.1281,101.7681,overload
276,13.8,1.3131,2.1004,1.4428,0.8501,0.7391,5.1324,2105.0243,102.2681,overload
277,13.85,1.3099,2.1025,1.4477,0.8523,0.7407,5.1432,2118.9286,102.7681,overload
278,13.9,1.3069,2.1046,1.4526,0.8546,0.7423,5.154,2132.8411,103.2681,overload
279,13.95,1.3038,2.1066,1.4574,0.8569,0.744,5.1649,2146.762,103.7681,overload
280,14.0,1.3008,2.1087,1.4623,0.8591,0.7456,5.1757,2160.6916,104.2681,overload
281,14.05,1.2978,2.1107,1.4672,0.8614,0.7472,5.1865,2174.6298,104.7681,overload
282,14.1,1.2948,2.1127,1.472,0.8637,0.7489,5.1973,2188.577,105.2681,overload
283,14.15,1.2919,2.1147,1.4769,0.866,0.7505,5.2082,2202.5332,105.7681,overload
284,14.2,1.289,2.1167,1.4818,0.8684,0.7522,5.219,2216.4987,106.2681,overload
285,14.25,1.2861,2.1187,1.4866,0.8707,0.7539,5.2298,2230.4735,106.7681,overload
286,14.3,1.2833,2.1206,1.4915,0.873,0.7555,5.2407,2244.4579,107.2681,overload
287,14.35,1.2804,2.1225,1.4964,0.8753,0.7572,5.2515,2258.452,107.7681,overload
288,14.4,1.2777,2.1245,1.5013,0.8777,0.7589,5.2623,2272.4559,108.2681,overload
289,14.45,1.2749,2.1264,1.5062,0.88,0.7606,5.2732,2286.4698,108.7681,overload
290,14.5,1.2722,2.1283,1.511,0.8824,0.7623,5.284,2300.4938,109.2681,overload
291,14.55,1.2694,2.1302,1.5159,0.8848,0.764,5.2948,2314.5281,109.7681,overload
292,14.6,1.2668,2.132,1.5208,0.8872,0.7657,5.3057,2328.5729,110.2681,overload
293,14.65,1.2641,2.1339,1.5257,0.8895,0.7674,5.3165,2342.6282,110.7681,overload
294,14.7,1.2615,2.1357,1.5306,0.8919,0.7691,5.3274,2356.6943,111.2681,overload
295,14.75,1.2589,2.1376,1.5354,0.8943,0.7709,5.3382,2370.7712,111.7681,overload
296,14.8,1.2563,2.1394,1.5403,0.8967,0.7726,5.349,2384.8592,112.2681,overload
297,14.85,1.2538,2.1412,1.5452,0.8992,0.7743,5.3599,2398.9582,112.7681,overload
298,14.9,1.2512,2.143,1.5501,0.9016,0.7761,5.3707,2413.0686,113.2681,overload
299,14.95,1.2487,2.1448,1.555,0.904,0.7778,5.3816,2427.1904,113.7681,overload
300,15.0,1.2463,2.1465,1.5599,0.9065,0.7796,5.3924,2441.3237,114.2681,overload
301,15.05,1.2438,2.1483,1.5647,0.9089,0.7813,5.4033,2455.4687,114.7681,overload
302,15.1,1.2414,2.15,1.5696,0.9114,0.7831,5.4141,2469.6256,115.2681,overload
303,15.15,1.239,2.1518,1.5745,0.9138,0.7849,5.425,2483.7943,115.7681,overload
304,15.2,1.2366,2.1535,1.5794,0.9163,0.7867,5.4359,2497.9752,116.2681,overload
305,15.25,1.2342,2.1552,1.5843,0.9188,0.7885,5.4467,2512.1682,116.7681,overload
306,15.3,1.2319,2.1569,1.5892,0.9213,0.7902,5.4576,2526.3735,117.2681,overload
307,15.35,1.2296,2.1586,1.5941,0.9238,0.792,5.4685,2540.5913,117.7681,overload
308,15.4,1.2273,2.1602,1.5989,0.9263,0.7938,5.4793,2554.8217,118.2681,overload
309,15.45,1.2251,2.1619,1.6038,0.9288,0.7957,5.4902,2569.0647,118.7681,overload
310,15.5,1.2228,2.1636,1.6087,0.9313,0.7975,5.5011,2583.3205,119.2681,overload
311,15.55,1.2206,2.1652,1.6136,0.9338,0.7993,5.5119,2597.5892,119.7681,overload
312,15.6,1.2184,2.1668,1.6185,0.9364,0.8011,5.5228,2611.8709,120.2681,overload
313,15.65,1.2162,2.1684,1.6234,0.9389,0.803,5.5337,2626.1657,120.7681,overload
314,15.7,1.2141,2.17,1.6283,0.9415,0.8048,5.5446,2640.4738,121.2681,overload
315,15.75,1.212,2.1716,1.6332,0.944,0.8066,5.5555,2654.7952,121.7681,overload
316,15.8,1.2098,2.1732,1.638,0.9466,0.8085,5.5664,2669.1301,122.2681,overload
317,15.85,1.2078,2.1748,1.6429,0.9492,0.8104,5.5772,2683.4785,122.7681,overload
318,15.9,1.2057,2.1763,1.6478,0.9518,0.8122,5.5881,2697.8405,123.2681,overload
319,15.95,1.2036,2.1779,1.6527,0.9544,0.8141,5.599,2712.2163,123.7681,overload
320,16.0,1.2016,2.1794,1.6576,0.957,0.816,5.6099,2726.6059,124.2681,overload
321,16.05,1.1996,2.181,1.6625,0.9596,0.8178,5.6208,2741.0095,124.7681,overload
322,16.1,1.1976,2.1825,1.6674,0.9622,0.8197,5.6317,2755.4271,125.2681,overload
323,16.15,1.1957,2.184,1.6722,0.9648,0.8216,5.6427,2769.8588,125.7681,overload
324,16.2,1.1937,2.1855,1.6771,0.9674,0.8235,5.6536,2784.3047,126.2681,overload
325,16.25,1.1918,2.187,1.682,0.9701,0.8254,5.6645,2798.7649,126.7681,overload
326,16.3,1.1899,2.1885,1.6869,0.9727,0.8273,5.6754,2813.2395,127.2681,overload
327,16.35,1.188,2.1899,1.6918,0.9754,0.8293,5.6863,2827.7285,127.7681,overload
328,16.4,1.1861,2.1914,1.6967,0.978,0.8312,5.6973,2842.2321,128.2681,overload
329,16.45,1.1843,2.1928,1.7015,0.9807,0.8331,5.7082,2856.7504,128.7681,overload
330,16.5,1.1824,2.1943,1.7064,0.9834,0.835,5.7191,2871.2833,129.2681,overload
331,16.55,1.1806,2.1957,1.7113,0.9861,0.837,5.7301,2885.831,129.7681,overload
332,16.6,1.1788,2.1971,1.7162,0.9888,0.8389,5.741,2900.3935,130.2681,overload
333,16.65,1.177,2.1985,1.7211,0.9915,0.8409,5.7519,2914.971,130.7681,overload
334,16.7,1.1753,2.1999,1.7259,0.9942,0.8428,5.7629,2929.5635,131.2681,overload
335,16.75,1.1735,2.2013,1.7308,0.9969,0.8448,5.7738,2944.171,131.7681,overload
336,16.8,1.1718,2.2027,1.7357,0.9996,0.8468,5.7848,2958.7936,132.2681,overload
337,16.85,1.1701,2.2041,1.7406,1.0023,0.8488,5.7958,2973.4315,132.7681,overload
338,16.9,1.1684,2.2055,1.7454,1.0051,0.8507,5.8067,2988.0846,133.2681,overload
339,16.95,1.1667,2.2068,1.7503,1.0078,0.8527,5.8177,3002.753,133.7681,overload
340,17.0,1.1651,2.2082,1.7552,1.0106,0.8547,5.8287,3017.4368,134.2681,overload
341,17.05,1.1634,2.2095,1.7601,1.0133,0.8567,5.8396,3032.136,134.7681,overload
342,17.1,1.1618,2.2109,1.7649,1.0161,0.8587,5.8506,3046.8507,135.2681,overload
343,17.15,1.1602,2.2122,1.7698,1.0189,0.8607,5.8616,3061.581,135.7681,overload
344,17.2,1.1586,2.2135,1.7747,1.0217,0.8627,5.8726,3076.3269,136.2681,overload
345,17.25,1.157,2.2148,1.7796,1.0245,0.8648,5.8836,3091.0884,136.7681,overload
346,17.3,1.1555,2.2161,1.7844,1.0273,0.8668,5.8946,3105.8655,137.2681,overload
347,17.35,1.1539,2.2174,1.7893,1.0301,0.8688,5.9056,3120.6585,137.7681,overload
348,17.4,1.1524,2.2187,1.7942,1.0329,0.8709,5.9166,3135.4672,138.2681,overload
349,17.45,1.1509,2.22,1.799,1.0357,0.8729,5.9276,3150.2917,138.7681,overload
350,17.5,1.1494,2.2212,1.8039,1.0385,0.875,5.9386,3165.1321,139.2681,overload
351,17.55,1.1479,2.2225,1.8087,1.0414,0.877,5.9496,3179.9885,139.7681,overload
352,17.6,1.1464,2.2237,1.8136,1.0442,0.8791,5.9607,3194.8607,140.2681,overload
353,17.65,1.1449,2.225,1.8185,1.0471,0.8812,5.9717,3209.749,140.7681,overload
354,17.7,1.1435,2.2262,1.8233,1.0499,0.8832,5.9827,3224.6533,141.2681,overload
355,17.75,1.1421,2.2274,1.8282,1.0528,0.8853,5.9938,3239.5736,141.7681,overload
356,17.8,1.1407,2.2287,1.833,1.0557,0.8874,6.0048,3254.51,142.2681,overload
357,17.85,1.1393,2.2299,1.8379,1.0586,0.8895,6.0158,3269.4625,142.7681,overload
358,17.9,1.1379,2.2311,1.8428,1.0615,0.8916,6.0269,3284.4312,143.2681,overload
359,17.95,1.1365,2.2323,1.8476,1.0644,0.8937,6.0379,3299.416,143.7681,overload
360,18.0,1.1351,2.2335,1.8525,1.0673,0.8958,6.049,3314.4171,144.2681,overload
361,18.05,1.1338,2.2347,1.8573,1.0702,0.8979,6.0601,3329.4343,144.7681,overload
362,18.1,1.1325,2.2358,1.8622,1.0731,0.9,6.0711,3344.4678,145.2681,overload
363,18.15,1.1312,2.237,1.867,1.076,0.9022,6.0822,3359.5176,145.7681,overload
364,18.2,1.1298,2.2382,1.8719,1.079,0.9043,6.0933,3374.5836,146.2681,overload
365,18.25,1.1286,2.2393,1.8767,1.0819,0.9064,6.1044,3389.666,146.7681,overload
366,18.3,1.1273,2.2405,1.8816,1.0849,0.9086,6.1155,3404.7646,147.2681,overload
367,18.35,1.126,2.2416,1.8864,1.0878,0.9107,6.1266,3419.8796,147.7681,overload
368,18.4,1.1248,2.2428,1.8912,1.0908,0.9129,6.1377,3435.0109,148.2681,overload
369,18.45,1.1235,2.2439,1.8961,1.0938,0.915,6.1488,3450.1586,148.7681,overload
370,18.5,1.1223,2.245,1.9009,1.0967,0.9172,6.1599,3465.3226,149.2681,overload
371,18.55,1.1211,2.2461,1.9058,1.0997,0.9194,6.171,3480.5031,149.7681,overload
372,18.6,1.1199,2.2472,1.9106,1.1027,0.9215,6.1821,3495.6999,150.2681,overload
373,18.65,1.1187,2.2483,1.9154,1.1057,0.9237,6.1932,3510.913,150.7681,overload
374,18.7,1.1175,2.2494,1.9203,1.1088,0.9259,6.2044,3526.1426,151.2681,overload
375,18.75,1.1163,2.2505,1.9251,1.1118,0.9281,6.2155,3541.3886,151.7681,overload
376,18.8,1.1152,2.2516,1.9299,1.1148,0.9303,6.2266,3556.651,152.2681,overload
377,18.85,1.114,2.2527,1.9348,1.1178,0.9325,6.2378,3571.9298,152.7681,overload
378,18.9,1.1129,2.2538,1.9396,1.1209,0.9347,6.2489,3587.2249,153.2681,overload
379,18.95,1.1118,2.2548,1.9444,1.1239,0.9369,6.2601,3602.5365,153.7681,overload
380,19.0,1.1106,2.2559,1.9492,1.127,0.9392,6.2712,3617.8645,154.2681,overload
381,19.05,1.1095,2.2569,1.954,1.13,0.9414,6.2824,3633.2088,154.7681,overload
382,19.1,1.1085,2.258,1.9589,1.1331,0.9436,6.2936,3648.5696,155.2681,overload
383,19.15,1.1074,2.259,1.9637,1.1362,0.9458,6.3048,3663.9467,155.7681,overload
384,19.2,1.1063,2.2601,1.9685,1.1393,0.9481,6.3159,3679.3402,156.2681,overload
385,19.25,1.1053,2.2611,1.9733,1.1424,0.9503,6.3271,3694.75,156.7681,overload
386,19.3,1.1042,2.2621,1.9781,1.1455,0.9526,6.3383,3710.1762,157.2681,overload
387,19.35,1.1032,2.2632,1.9829,1.1486,0.9549,6.3495,3725.6188,157.7681,overload
388,19.4,1.1021,2.2642,1.9878,1.1517,0.9571,6.3607,3741.0776,158.2681,overload
389,19.45,1.1011,2.2652,1.9926,1.1548,0.9594,6.3719,3756.5528,158.7681,overload
390,19.5,1.1001,2.2662,1.9974,1.1579,0.9617,6.3831,3772.0443,159.2681,overload
391,19.55,1.0991,2.2672,2.0022,1.1611,0.9639,6.3944,3787.552,159.7681,overload
392,19.6,1.0981,2.2682,2.007,1.1642,0.9662,6.4056,3803.076,160.2681,overload
393,19.65,1.0972,2.2692,2.0118,1.1674,0.9685,6.4168,3818.6163,160.7681,overload
394,19.7,1.0962,2.2701,2.0166,1.1705,0.9708,6.428,3834.1728,161.2681,overload
395,19.75,1.0952,2.2711,2.0214,1.1737,0.9731,6.4393,3849.7454,161.7681,overload
396,19.8,1.0943,2.2721,2.0262,1.1769,0.9754,6.4505,3865.3343,162.2681,overload
397,19.85,1.0934,2.273,2.031,1.18,0.9778,6.4618,3880.9393,162.7681,overload
398,19.9,1.0924,2.274,2.0357,1.1832,0.9801,6.473,3896.5605,163.2681,overload
399,19.95,1.0915,2.275,2.0405,1.1864,0.9824,6.4843,3912.1978,163.7681,overload
400,20.0,1.0906,2.2759,2.0453,1.1896,0.9847,6.4956,3927.8512,164.2681,overload
401,20.05,1.0897,2.2769,2.0501,1.1928,0.9871,6.5069,3943.5206,164.7681,overload
402,20.1,1.0888,2.2778,2.0549,1.196,0.9894,6.5181,3959.2061,165.2681,overload
403,20.15,1.0879,2.2787,2.0597,1.1993,0.9918,6.5294,3974.9075,165.7681,overload
404,20.2,1.087,2.2797,2.0645,1.2025,0.9941,6.5407,3990.625,166.2681,overload
405,20.25,1.0862,2.2806,2.0692,1.2057,0.9965,6.552,4006.3584,166.7681,overload
406,20.3,1.0853,2.2815,2.074,1.209,0.9988,6.5633,4022.1077,167.2681,overload
407,20.35,1.0845,2.2824,2.0788,1.2122,1.0012,6.5746,4037.8729,167.7681,overload
408,20.4,1.0836,2.2833,2.0835,1.2155,1.0036,6.5859,4053.6539,168.2681,overload
409,20.45,1.0828,2.2842,2.0883,1.2187,1.006,6.5973,4069.4508,168.7681,overload
410,20.5,1.082,2.2851,2.0931,1.222,1.0083,6.6086,4085.2634,169.2681,overload
411,20.55,1.0812,2.286,2.0978,1.2253,1.0107,6.6199,4101.0918,169.7681,overload
412,20.6,1.0803,2.2869,2.1026,1.2286,1.0131,6.6312,4116.9359,170.2681,overload
413,20.65,1.0795,2.2878,2.1074,1.2319,1.0155,6.6426,4132.7957,170.7681,overload
414,20.7,1.0788,2.2887,2.1121,1.2352,1.0179,6.6539,4148.6711,171.2681,overload
415,20.75,1.078,2.2896,2.1169,1.2385,1.0203,6.6653,4164.5622,171.7681,overload
416,20.8,1.0772,2.2905,2.1216,1.2418,1.0228,6.6767,4180.4687,172.2681,overload
417,20.85,1.0764,2.2913,2.1264,1.2451,1.0252,6.688,4196.3908,172.7681,overload
418,20.9,1.0757,2.2922,2.1311,1.2484,1.0276,6.6994,4212.3284,173.2681,overload
419,20.95,1.0749,2.293,2.1359,1.2518,1.03,6.7108,4228.2814,173.7681,overload
420,21.0,1.0742,2.2939,2.1406,1.2551,1.0325,6.7222,4244.2498,174.2681,overload
421,21.05,1.0734,2.2948,2.1454,1.2585,1.0349,6.7335,4260.2336,174.7681,overload
422,21.1,1.0727,2.2956,2.1501,1.2618,1.0374,6.7449,4276.2326,175.2681,overload
423,21.15,1.072,2.2965,2.1549,1.2652,1.0398,6.7563,4292.247,175.7681,overload
424,21.2,1.0713,2.2973,2.1596,1.2686,1.0423,6.7678,4308.2765,176.2681,overload
425,21.25,1.0706,2.2981,2.1643,1.2719,1.0448,6.7792,4324.3213,176.7681,overload
426,21.3,1.0699,2.299,2.1691,1.2753,1.0472,6.7906,4340.3811,177.2681,overload
427,21.35,1.0692,2.2998,2.1738,1.2787,1.0497,6.802,4356.4561,177.7681,overload
428,21.4,1.0685,2.3006,2.1785,1.2821,1.0522,6.8134,4372.5461,178.2681,overload
429,21.45,1.0678,2.3014,2.1833,1.2855,1.0547,6.8249,4388.651,178.7681,overload
430,21.5,1.0671,2.3022,2.188,1.2889,1.0572,6.8363,4404.7709,179.2681,overload
431,21.55,1.0664,2.3031,2.1927,1.2924,1.0597,6.8478,4420.9057,179.7681,overload
432,21.6,1.0658,2.3039,2.1974,1.2958,1.0622,6.8592,4437.0554,180.2681,overload
433,21.65,1.0651,2.3047,2.2021,1.2992,1.0647,6.8707,4453.2198,180.7681,overload
434,21.7,1.0645,2.3055,2.2068,1.3026,1.0672,6.8821,4469.399,181.2681,overload
435,21.75,1.0638,2.3063,2.2116,1.3061,1.0697,6.8936,4485.5928,181.7681,overload
436,21.8,1.0632,2.3071,2.2163,1.3095,1.0722,6.9051,4501.8013,182.2681,overload
437,21.85,1.0626,2.3079,2.221,1.313,1.0747,6.9166,4518.0244,182.7681,overload
438,21.9,1.062,2.3086,2.2257,1.3165,1.0773,6.9281,4534.262,183.2681,overload
439,21.95,1.0613,2.3094,2.2304,1.3199,1.0798,6.9396,4550.5141,183.7681,overload
440,22.0,1.0607,2.3102,2.2351,1.3234,1.0824,6.9511,4566.7806,184.2681,overload
441,22.05,1.0601,2.311,2.2398,1.3269,1.0849,6.9626,4583.0615,184.7681,overload
442,22.1,1.0595,2.3118,2.2445,1.3304,1.0875,6.9741,4599.3568,185.2681,overload
443,22.15,1.0589,2.3125,2.2492,1.3339,1.09,6.9856,4615.6662,185.7681,overload
444,22.2,1.0583,2.3133,2.2539,1.3374,1.0926,6.9971,4631.9899,186.2681,overload
445,22.25,1.0578,2.314,2.2585,1.3409,1.0951,7.0087,4648.3278,186.7681,overload
446,22.3,1.0572,2.3148,2.2632,1.3444,1.0977,7.0202,4664.6797,187.2681,overload
447,22.35,1.0566,2.3156,2.2679,1.348,1.1003,7.0318,4681.0457,187.7681,overload
448,22.4,1.0561,2.3163,2.2726,1.3515,1.1029,7.0433,4697.4257,188.2681,overload
449,22.45,1.0555,2.3171,2.2773,1.3551,1.1055,7.0549,4713.8196,188.7681,overload
450,22.5,1.0549,2.3178,2.282,1.3586,1.1081,7.0664,4730.2273,189.2681,overload
451,22.55,1.0544,2.3185,2.2866,1.3622,1.1107,7.078,4746.6489,189.7681,overload
452,22.6,1.0539,2.3193,2.2913,1.3657,1.1133,7.0896,4763.0842,190.2681,overload
453,22.65,1.0533,2.32,2.296,1.3693,1.1159,7.1011,4779.5332,190.7681,overload
454,22.7,1.0528,2.3207,2.3006,1.3729,1.1185,7.1127,4795.9959,191.2681,overload
455,22.75,1.0523,2.3215,2.3053,1.3764,1.1211,7.1243,4812.4721,191.7681,overload
456,22.8,1.0517,2.3222,2.31,1.38,1.1237,7.1359,4828.9619,192.2681,overload
457,22.85,1.0512,2.3229,2.3146,1.3836,1.1264,7.1475,4845.4651,192.7681,overload
458,22.9,1.0507,2.3236,2.3193,1.3872,1.129,7.1591,4861.9817,193.2681,overload
459,22.95,1.0502,2.3244,2.3239,1.3908,1.1316,7.1707,4878.5116,193.7681,overload
460,23.0,1.0497,2.3251,2.3286,1.3944,1.1343,7.1824,4895.0549,194.2681,overload
461,23.05,1.0492,2.3258,2.3332,1.3981,1.1369,7.194,4911.6113,194.7681,overload
462,23.1,1.0487,2.3265,2.3379,1.4017,1.1396,7.2056,4928.1809,195.2681,overload
463,23.15,1.0482,2.3272,2.3425,1.4053,1.1422,7.2173,4944.7636,195.7681,overload
464,23.2,1.0478,2.3279,2.3472,1.409,1.1449,7.2289,4961.3593,196.2681,overload
465,23.25,1.0473,2.3286,2.3518,1.4126,1.1476,7.2406,4977.968,196.7681,overload
466,23.3,1.0468,2.3293,2.3564,1.4163,1.1503,7.2522,4994.5896,197.2681,overload
467,23.35,1.0464,2.33,2.3611,1.4199,1.1529,7.2639,5011.224,197.7681,overload
468,23.4,1.0459,2.3307,2.3657,1.4236,1.1556,7.2756,5027.8713,198.2681,overload
469,23.45,1.0454,2.3313,2.3703,1.4273,1.1583,7.2872,5044.5312,198.7681,overload
470,23.5,1.045,2.332,2.375,1.4309,1.161,7.2989,5061.2039,199.2681,overload
471,23.55,1.0445,2.3327,2.3796,1.4346,1.1637,7.3106,5077.8891,199.7681,overload
472,23.6,1.0441,2.3334,2.3842,1.4383,1.1664,7.3223,5094.5868,200.2681,overload
473,23.65,1.0437,2.3341,2.3888,1.442,1.1691,7.334,5111.297,200.7681,overload
474,23.7,1.0432,2.3347,2.3934,1.4457,1.1718,7.3457,5128.0197,201.2681,overload
475,23.75,1.0428,2.3354,2.398,1.4494,1.1745,7.3574,5144.7546,201.7681,overload
476,23.8,1.0424,2.3361,2.4027,1.4532,1.1773,7.3691,5161.5019,202.2681,overload
477,23.85,1.0419,2.3367,2.4073,1.4569,1.18,7.3809,5178.2614,202.7681,overload
478,23.9,1.0415,2.3374,2.4119,1.4606,1.1827,7.3926,5195.033,203.2681,overload
479,23.95,1.0411,2.338,2.4165,1.4643,1.1855,7.4043,5211.8167,203.7681,overload
480,24.0,1.0407,2.3387,2.4211,1.4681,1.1882,7.4161,5228.6124,204.2681,overload
481,24.05,1.0403,2.3394,2.4257,1.4718,1.1909,7.4278,5245.4201,204.7681,overload
482,24.1,1.0399,2.34,2.4303,1.4756,1.1937,7.4396,5262.2397,205.2681,overload
483,24.15,1.0395,2.3407,2.4348,1.4794,1.1965,7.4513,5279.0711,205.7681,overload
484,24.2,1.0391,2.3413,2.4394,1.4831,1.1992,7.4631,5295.9143,206.2681,overload
485,24.25,1.0387,2.3419,2.444,1.4869,1.202,7.4749,5312.7692,206.7681,overload
486,24.3,1.0383,2.3426,2.4486,1.4907,1.2048,7.4866,5329.6358,207.2681,overload
487,24.35,1.038,2.3432,2.4532,1.4945,1.2075,7.4984,5346.5139,207.7681,overload
488,24.4,1.0376,2.3439,2.4578,1.4983,1.2103,7.5102,5363.4035,208.2681,overload
489,24.45,1.0372,2.3445,2.4623,1.5021,1.2131,7.522,5380.3046,208.7681,overload
490,24.5,1.0368,2.3451,2.4669,1.5059,1.2159,7.5338,5397.2171,209.2681,overload
491,24.55,1.0365,2.3457,2.4715,1.5097,1.2187,7.5456,5414.1408,209.7681,overload
492,24.6,1.0361,2.3464,2.4761,1.5135,1.2215,7.5574,5431.0759,210.2681,overload
493,24.65,1.0357,2.347,2.4806,1.5173,1.2243,7.5692,5448.0221,210.7681,overload
494,24.7,1.0354,2.3476,2.4852,1.5212,1.2271,7.5811,5464.9794,211.2681,overload
495,24.75,1.035,2.3482,2.4897,1.525,1.2299,7.5929,5481.9478,211.7681,overload
496,24.8,1.0347,2.3489,2.4943,1.5289,1.2327,7.6047,5498.9272,212.2681,overload
497,24.85,1.0343,2.3495,2.4989,1.5327,1.2356,7.6166,5515.9175,212.7681,overload
498,24.9,1.034,2.3501,2.5034,1.5366,1.2384,7.6284,5532.9187,213.2681,overload
499,24.95,1.0337,2.3507,2.508,1.5404,1.2412,7.6403,5549.9307,213.7681,overload
500,25.0,1.0333,2.3513,2.5125,1.5443,1.2441,7.6521,5566.9534,214.2681,overload
501,25.05,1.033,2.3519,2.517,1.5482,1.2469,7.664,5583.9868,214.7681,overload
502,25.1,1.0327,2.3525,2.5216,1.5521,1.2497,7.6759,5601.0308,215.2681,overload
503,25.15,1.0323,2.3531,2.5261,1.5559,1.2526,7.6878,5618.0853,215.7681,overload
504,25.2,1.032,2.3537,2.5307,1.5598,1.2555,7.6997,5635.1503,216.2681,overload
505,25.25,1.0317,2.3543,2.5352,1.5637,1.2583,7.7115,5652.2258,216.7681,overload
506,25.3,1.0314,2.3549,2.5397,1.5676,1.2612,7.7234,5669.3115,217.2681,overload
507,25.35,1.0311,2.3555,2.5442,1.5716,1.2641,7.7353,5686.4076,217.7681,overload
508,25.4,1.0308,2.3561,2.5488,1.5755,1.2669,7.7472,5703.5139,218.2681,overload
509,25.45,1.0305,2.3567,2.5533,1.5794,1.2698,7.7592,5720.6303,218.7681,overload
510,25.5,1.0302,2.3572,2.5578,1.5833,1.2727,7.7711,5737.7568,219.2681,overload
511,25.55,1.0299,2.3578,2.5623,1.5873,1.2756,7.783,5754.8934,219.7681,overload
512,25.6,1.0296,2.3584,2.5668,1.5912,1.2785,7.7949,5772.0399,220.2681,overload
513,25.65,1.0293,2.359,2.5713,1.5952,1.2814,7.8069,5789.1963,220.7681,overload
514,25.7,1.029,2.3596,2.5759,1.5991,1.2843,7.8188,5806.3625,221.2681,overload
515,25.75,1.0287,2.3601,2.5804,1.6031,1.2872,7.8308,5823.5385,221.7681,overload
516,25.8,1.0284,2.3607,2.5849,1.607,1.2901,7.8427,5840.7243,222.2681,overload
517,25.85,1.0281,2.3613,2.5894,1.611,1.293,7.8547,5857.9196,222.7681,overload
518,25.9,1.0278,2.3619,2.5939,1.615,1.2959,7.8666,5875.1246,223.2681,overload
519,25.95,1.0276,2.3624,2.5983,1.619,1.2989,7.8786,5892.3391,223.7681,overload
520,26.0,1.0273,2.363,2.6028,1.623,1.3018,7.8906,5909.563,224.2681,overload
521,26.05,1.027,2.3636,2.6073,1.627,1.3047,7.9026,5926.7963,224.7681,overload
522,26.1,1.0267,2.3641,2.6118,1.631,1.3077,7.9146,5944.0389,225.2681,overload
523,26.15,1.0265,2.3647,2.6163,1.635,1.3106,7.9266,5961.2909,225.7681,overload
524,26.2,1.0262,2.3652,2.6208,1.639,1.3136,7.9386,5978.552,226.2681,overload
525,26.25,1.026,2.3658,2.6252,1.643,1.3165,7.9506,5995.8222,226.7681,overload
526,26.3,1.0257,2.3663,2.6297,1.6471,1.3195,7.9626,6013.1015,227.2681,overload
527,26.35,1.0254,2.3669,2.6342,1.6511,1.3224,7.9746,6030.3899,227.7681,overload
528,26.4,1.0252,2.3674,2.6387,1.6551,1.3254,7.9866,6047.6872,228.2681,overload
529,26.45,1.0249,2.368,2.6431,1.6592,1.3284,7.9987,6064.9934,228.7681,overload
530,26.5,1.0247,2.3685,2.6476,1.6632,1.3313,8.0107,6082.3084,229.2681,overload
531,26.55,1.0244,2.3691,2.652,1.6673,1.3343,8.0227,6099.6322,229.7681,overload
532,26.6,1.0242,2.3696,2.6565,1.6713,1.3373,8.0348,6116.9647,230.2681,overload
533,26.65,1.024,2.3702,2.661,1.6754,1.3403,8.0468,6134.3058,230.7681,overload
534,26.7,1.0237,2.3707,2.6654,1.6795,1.3433,8.0589,6151.6555,231.2681,overload
535,26.75,1.0235,2.3712,2.6699,1.6836,1.3463,8.071,6169.0138,231.7681,overload
536,26.8,1.0233,2.3718,2.6743,1.6876,1.3493,8.083,6186.3805,232.2681,overload
537,26.85,1.023,2.3723,2.6787,1.6917,1.3523,8.0951,6203.7556,232.7681,overload
538,26.9,1.0228,2.3729,2.6832,1.6958,1.3553,8.1072,6221.139,233.2681,overload
539,26.95,1.0226,2.3734,2.6876,1.6999,1.3583,8.1193,6238.5308,233.7681,overload
540,27.0,1.0223,2.3739,2.6921,1.704,1.3613,8.1314,6255.9307,234.2681,overload
541,27.05,1.0221,2.3744,2.6965,1.7082,1.3644,8.1435,6273.3388,234.7681,overload
542,27.1,1.0219,2.375,2.7009,1.7123,1.3674,8.1556,6290.755,235.2681,overload
543,27.15,1.0217,2.3755,2.7053,1.7164,1.3704,8.1677,6308.1793,235.7681,overload
544,27.2,1.0215,2.376,2.7098,1.7205,1.3735,8.1798,6325.6115,236.2681,overload
545,27.25,1.0213,2.3765,2.7142,1.7247,1.3765,8.1919,6343.0516,236.7681,overload
546,27.3,1.021,2.3771,2.7186,1.7288,1.3795,8.204,6360.4996,237.2681,overload
547,27.35,1.0208,2.3776,2.723,1.733,1.3826,8.2162,6377.9555,237.7681,overload
548,27.4,1.0206,2.3781,2.7274,1.7371,1.3856,8.2283,6395.419,238.2681,overload
549,27.45,1.0204,2.3786,2.7318,1.7413,1.3887,8.2404,6412.8903,238.7681,overload
550,27.5,1.0202,2.3791,2.7362,1.7455,1.3918,8.2526,6430.3691,239.2681,overload
551,27.55,1.02,2.3796,2.7406,1.7496,1.3948,8.2647,6447.8556,239.7681,overload
552,27.6,1.0198,2.3801,2.745,1.7538,1.3979,8.2769,6465.3495,240.2681,overload
553,27.65,1.0196,2.3806,2.7494,1.758,1.401,8.2891,6482.8509,240.7681,overload
554,27.7,1.0194,2.3812,2.7538,1.7622,1.4041,8.3012,6500.3597,241.2681,overload
555,27.75,1.0192,2.3817,2.7582,1.7664,1.4071,8.3134,6517.8758,241.7681,overload
556,27.8,1.019,2.3822,2.7626,1.7706,1.4102,8.3256,6535.3993,242.2681,overload
557,27.85,1.0188,2.3827,2.767,1.7748,1.4133,8.3378,6552.9299,242.7681,overload
558,27.9,1.0187,2.3832,2.7714,1.779,1.4164,8.35,6570.4677,243.2681,overload
559,27.95,1.0185,2.3837,2.7758,1.7832,1.4195,8.3622,6588.0126,243.7681,overload
560,28.0,1.0183,2.3842,2.7801,1.7874,1.4226,8.3744,6605.5646,244.2681,overload
561,28.05,1.0181,2.3847,2.7845,1.7917,1.4257,8.3866,6623.1236,244.7681,overload
562,28.1,1.0179,2.3852,2.7889,1.7959,1.4289,8.3988,6640.6895,245.2681,overload
563,28.15,1.0177,2.3856,2.7933,1.8001,1.432,8.411,6658.2623,245.7681,overload
564,28.2,1.0176,2.3861,2.7976,1.8044,1.4351,8.4232,6675.842,246.2681,overload
565,28.25,1.0174,2.3866,2.802,1.8086,1.4382,8.4355,6693.4284,246.7681,overload
566,28.3,1.0172,2.3871,2.8063,1.8129,1.4414,8.4477,6711.0215,247.2681,overload
567,28.35,1.0171,2.3876,2.8107,1.8171,1.4445,8.4599,6728.6213,247.7681,overload
568,28.4,1.0169,2.3881,2.815,1.8214,1.4476,8.4722,6746.2277,248.2681,overload
569,28.45,1.0167,2.3886,2.8194,1.8257,1.4508,8.4844,6763.8407,248.7681,overload
570,28.5,1.0165,2.3891,2.8237,1.83,1.4539,8.4967,6781.4602,249.2681,overload
571,28.55,1.0164,2.3895,2.8281,1.8342,1.4571,8.509,6799.0861,249.7681,overload
572,28.6,1.0162,2.39,2.8324,1.8385,1.4602,8.5212,6816.7185,250.2681,overload
573,28.65,1.0161,2.3905,2.8368,1.8428,1.4634,8.5335,6834.3571,250.7681,overload
574,28.7,1.0159,2.391,2.8411,1.8471,1.4665,8.5458,6852.0021,251.2681,overload
575,28.75,1.0157,2.3915,2.8454,1.8514,1.4697,8.5581,6869.6533,251.7681,overload
576,28.8,1.0156,2.3919,2.8498,1.8558,1.4729,8.5703,6887.3107,252.2681,overload
577,28.85,1.0154,2.3924,2.8541,1.8601,1.4761,8.5826,6904.9742,252.7681,overload
578,28.9,1.0153,2.3929,2.8584,1.8644,1.4792,8.5949,6922.6438,253.2681,overload
579,28.95,1.0151,2.3933,2.8627,1.8687,1.4824,8.6072,6940.3195,253.7681,overload
580,29.0,1.015,2.3938,2.8671,1.873,1.4856,8.6195,6958.0011,254.2681,overload
581,29.05,1.0148,2.3943,2.8714,1.8774,1.4888,8.6319,6975.6886,254.7681,overload
582,29.1,1.0147,2.3948,2.8757,1.8817,1.492,8.6442,6993.3821,255.2681,overload
583,29.15,1.0145,2.3952,2.88,1.8861,1.4952,8.6565,7011.0813,255.7681,overload
584,29.2,1.0144,2.3957,2.8843,1.8904,1.4984,8.6688,7028.7863,256.2681,overload
585,29.25,1.0142,2.3961,2.8886,1.8948,1.5016,8.6812,7046.4971,256.7681,overload
586,29.3,1.0141,2.3966,2.8929,1.8992,1.5048,8.6935,7064.2135,257.2681,overload
587,29.35,1.014,2.3971,2.8972,1.9035,1.5081,8.7059,7081.9355,257.7681,overload
588,29.4,1.0138,2.3975,2.9015,1.9079,1.5113,8.7182,7099.6631,258.2681,overload
589,29.45,1.0137,2.398,2.9058,1.9123,1.5145,8.7306,7117.3963,258.7681,overload
590,29.5,1.0135,2.3984,2.9101,1.9167,1.5177,8.7429,7135.1349,259.2681,overload
591,29.55,1.0134,2.3989,2.9144,1.9211,1.521,8.7553,7152.8789,259.7681,overload
592,29.6,1.0133,2.3994,2.9187,1.9255,1.5242,8.7677,7170.6283,260.2681,overload
593,29.65,1.0131,2.3998,2.9229,1.9299,1.5274,8.7801,7188.3831,260.7681,overload
594,29.7,1.013,2.4003,2.9272,1.9343,1.5307,8.7924,7206.1431,261.2681,overload
595,29.75,1.0129,2.4007,2.9315,1.9387,1.5339,8.8048,7223.9084,261.7681,overload
596,29.8,1.0128,2.4012,2.9358,1.9431,1.5372,8.8172,7241.6788,262.2681,overload
597,29.85,1.0126,2.4016,2.94,1.9475,1.5404,8.8296,7259.4544,262.7681,overload
598,29.9,1.0125,2.4021,2.9443,1.9519,1.5437,8.842,7277.2351,263.2681,overload
599,29.95,1.0124,2.4025,2.9486,1.9564,1.547,8.8544,7295.0208,263.7681,overload
