step,t,mean_Vm,mean_C_mem,mean_psi,pacemaker_Vm
0,0.0,-69.94,1.4956,0.1337,-69.2096
1,0.04,-69.88,1.4913,0.1607,-68.4285
2,0.08,-69.82,1.4873,0.1876,-67.6562
3,0.12,-69.76,1.4833,0.2147,-66.8926
4,0.16,-69.7,1.4796,0.2418,-66.1373
5,0.2,-69.64,1.4759,0.269,-65.39
6,0.24,-69.58,1.4724,0.2964,-64.6504
7,0.28,-69.52,1.469,0.3239,-63.9182
8,0.32,-69.46,1.4658,0.3515,-63.1933
9,0.36,-69.4,1.4626,0.3793,-62.4753
10,0.4,-69.34,1.4596,0.4073,-61.764
11,0.44,-69.28,1.4567,0.4356,-61.0591
12,0.48,-69.22,1.4538,0.464,-60.3605
13,0.52,-69.16,1.4511,0.4927,-59.668
14,0.56,-69.1,1.4484,0.5217,-58.9813
15,0.6,-69.04,1.4459,0.5511,-58.3002
16,0.64,-68.98,1.4434,0.5807,-57.6245
17,0.68,-68.92,1.441,0.6107,-56.9542
18,0.72,-68.86,1.4387,0.6411,-56.2889
19,0.76,-68.8,1.4364,0.672,-55.6285
20,0.8,-68.8,1.4363,0.699,-55.7633
21,0.84,-68.8,1.4362,0.726,-55.8934
22,0.88,-68.8,1.4361,0.753,-56.0191
23,0.92,-68.8,1.4359,0.78,-56.1405
24,0.96,-68.8,1.4358,0.807,-56.2577
25,1.0,-68.8,1.4357,0.834,-56.371
26,1.04,-68.8,1.4356,0.861,-56.4805
27,1.08,-68.8,1.4355,0.8881,-56.5863
28,1.12,-68.8,1.4354,0.9151,-56.6886
29,1.16,-68.8,1.4353,0.9423,-56.7875
30,1.2,-68.8,1.4352,0.9694,-56.8831
31,1.24,-68.8,1.4351,0.9966,-56.9756
32,1.28,-68.8,1.4351,1.0239,-57.0651
33,1.32,-68.8,1.435,1.0513,-57.1517
34,1.36,-68.8,1.4349,1.0787,-57.2355
35,1.4,-68.8,1.4348,1.1062,-57.3166
36,1.44,-68.8,1.4347,1.1338,-57.3952
37,1.48,-68.8,1.4347,1.1614,-57.4712
38,1.52,-68.8,1.4346,1.1892,-57.5449
39,1.56,-68.8,1.4345,1.2171,-57.6163
40,1.6,-68.8,1.4344,1.245,-57.6854
41,1.64,-68.8,1.4344,1.2731,-57.7524
42,1.68,-68.8,1.4343,1.3014,-57.8174
43,1.72,-68.8,1.4342,1.3297,-57.8804
44,1.76,-68.8,1.4341,1.3582,-57.9414
45,1.8,-68.8,1.4341,1.3869,-58.0007
46,1.84,-68.8,1.434,1.4157,-58.0582
47,1.88,-68.8,1.434,1.4446,-58.1139
48,1.92,-68.8,1.4339,1.4738,-58.1681
49,1.96,-68.8,1.4338,1.5031,-58.2206
50,2.0,-68.8,1.4338,1.5326,-58.2716
51,2.04,-68.8,1.4337,1.5623,-58.3212
52,2.08,-68.8,1.4336,1.5921,-58.3693
53,2.12,-68.8,1.4336,1.6222,-58.4161
54,2.16,-68.8,1.4335,1.6525,-58.4615
55,2.2,-68.8,1.4335,1.6831,-58.5057
56,2.24,-68.8,1.4334,1.7138,-58.5487
57,2.28,-68.8,1.4334,1.7448,-58.5904
58,2.32,-68.8,1.4333,1.7761,-58.6311
59,2.36,-68.8,1.4333,1.8076,-58.6706
60,2.4,-68.8,1.4332,1.8393,-58.7091
61,2.44,-68.8,1.4331,1.8714,-58.7465
62,2.48,-68.8,1.4331,1.9037,-58.783
63,2.52,-68.8,1.433,1.9363,-58.8185
64,2.56,-68.8,1.433,1.9692,-58.853
65,2.6,-68.8,1.4329,2.0025,-58.8867
66,2.64,-68.8,1.4329,2.036,-58.9196
67,2.68,-68.8,1.4328,2.0699,-58.9515
68,2.72,-68.8,1.4328,2.1042,-58.9827
69,2.76,-68.8,1.4327,2.1387,-59.0131
70,2.8,-68.8,1.4327,2.1737,-59.0428
71,2.84,-68.8,1.4326,2.209,-59.0717
72,2.88,-68.8,1.4326,2.2447,-59.1
73,2.92,-68.8,1.4326,2.2808,-59.1275
74,2.96,-68.8,1.4325,2.3173,-59.1544
75,3.0,-68.8,1.4325,2.3542,-59.1807
76,3.04,-68.8,1.4324,2.3916,-59.2064
77,3.08,-68.8,1.4324,2.4294,-59.2314
78,3.12,-68.8,1.4323,2.4676,-59.2559
79,3.16,-68.8,1.4323,2.5063,-59.2799
80,3.2,-68.74,1.43,2.5632,-58.5129
81,3.24,-68.68,1.4277,2.6222,-57.7546
82,3.28,-68.62,1.4256,2.6834,-57.0047
83,3.32,-68.56,1.4235,2.747,-56.263
84,3.36,-68.5,1.4215,2.8133,-55.5291
85,3.4,-68.44,1.4195,2.8823,-54.8028
86,3.44,-68.38,1.4176,2.9544,-54.0837
87,3.48,-68.32,1.4158,3.0298,-53.3716
88,3.52,-68.26,1.414,3.1087,-52.6664
89,3.56,-68.2,1.4123,3.1915,-51.9676
90,3.6,-68.14,1.4106,3.2786,-51.2752
91,3.64,-68.08,1.409,3.3702,-50.5889
92,3.68,-68.02,1.4074,3.4669,-49.9084
93,3.72,-67.96,1.4059,3.5691,-49.2337
94,3.76,-67.9,1.4044,3.6774,-48.5644
95,3.8,-67.84,1.403,3.7923,-47.9004
96,3.84,-67.78,1.4016,3.9147,-47.2415
97,3.88,-67.72,1.4002,4.0452,-46.5876
98,3.92,-67.66,1.3988,4.1849,-45.9385
99,3.96,-67.6,1.3975,4.3346,-45.294
100,4.0,-67.6,1.3974,4.4298,-45.4444
101,4.04,-67.6,1.3972,4.5284,-45.5898
102,4.08,-67.6,1.397,4.6306,-45.7305
103,4.12,-67.6,1.3968,4.7365,-45.8667
104,4.16,-67.6,1.3966,4.8465,-45.9985
105,4.2,-67.6,1.3965,4.9607,-46.126
106,4.24,-67.6,1.3963,5.0794,-46.2495
107,4.28,-67.6,1.3961,5.203,-46.3691
108,4.32,-67.6,1.396,5.3317,-46.485
109,4.36,-67.6,1.3958,5.4659,-46.5972
110,4.4,-67.6,1.3957,5.6059,-46.706
111,4.44,-67.6,1.3955,5.7522,-46.8114
112,4.48,-67.6,1.3953,5.9052,-46.9137
113,4.52,-67.6,1.3952,6.0653,-47.0128
114,4.56,-67.6,1.395,6.2332,-47.1089
115,4.6,-67.6,1.3949,6.4093,-47.2022
116,4.64,-67.6,1.3948,6.5943,-47.2927
117,4.68,-67.6,1.3946,6.7889,-47.3806
118,4.72,-67.6,1.3945,6.9939,-47.4659
119,4.76,-67.6,1.3943,7.21,-47.5487
120,4.8,-67.6,1.3942,7.4383,-47.6292
121,4.84,-67.6,1.3941,7.6798,-47.7073
122,4.88,-67.6,1.3939,7.9355,-47.7833
123,4.92,-67.6,1.3938,8.2067,-47.8571
124,4.96,-67.6,1.3937,8.495,-47.9289
125,5.0,-67.6,1.3935,8.8017,-47.9987
126,5.04,-67.6,1.3934,9.1288,-48.0666
127,5.08,-67.6,1.3933,9.4781,-48.1327
128,5.12,-67.6,1.3932,9.8518,-48.197
129,5.16,-67.6,1.393,10.2526,-48.2596
130,5.2,-67.6,1.3929,10.6831,-48.3205
131,5.24,-67.6,1.3928,11.1465,-48.3798
132,5.28,-67.6,1.3927,11.6466,-48.4377
133,5.32,-67.6,1.3926,12.1874,-48.494
134,5.36,-67.6,1.3924,12.7736,-48.5489
135,5.4,-67.6,1.3923,13.4107,-48.6024
136,5.44,-67.6,1.3922,14.1049,-48.6546
137,5.48,-67.6,1.3921,14.8634,-48.7055
138,5.52,-67.6,1.392,15.685,-48.7552
139,5.56,-67.6,1.3919,16.5599,-48.8037
140,5.6,-67.6,1.3917,17.4927,-48.851
141,5.64,-67.6,1.3916,18.4883,-48.8972
142,5.68,-67.6,1.3915,19.5519,-48.9423
143,5.72,-67.6,1.3914,20.6897,-48.9864
144,5.76,-67.6,1.3913,21.8976,-49.0295
145,5.8,-67.6,1.3912,23.1677,-49.0715
146,5.84,-67.6,1.3911,24.4934,-49.1127
147,5.88,-67.6,1.391,25.8731,-49.1529
148,5.92,-67.6,1.3909,27.3083,-49.1923
149,5.96,-67.6,1.3908,28.8006,-49.2308
150,6.0,-67.6,1.3907,30.3516,-49.2685
151,6.04,-67.6,1.3905,31.9529,-49.3054
152,6.08,-67.6,1.3904,33.6041,-49.3415
153,6.12,-67.6,1.3903,35.3057,-49.3768
154,6.16,-67.6,1.3902,37.0585,-49.4115
155,6.2,-67.6,1.3901,38.8635,-49.4454
156,6.24,-67.6,1.39,40.7216,-49.4787
157,6.28,-67.6,1.3899,42.6339,-49.5113
158,6.32,-67.6,1.3898,44.6018,-49.5433
159,6.36,-67.6,1.3897,46.6267,-49.5747
160,6.4,-67.54,1.3884,50.4161,-48.815
161,6.44,-67.48,1.3871,54.5103,-48.0641
162,6.48,-67.42,1.3858,58.9352,-47.3215
163,6.52,-67.36,1.3845,63.7196,-46.587
164,6.56,-67.3,1.3833,68.8647,-45.8602
165,6.6,-67.24,1.3822,74.3912,-45.141
166,6.64,-67.18,1.381,80.3245,-44.4289
167,6.68,-67.12,1.3799,86.6911,-43.7239
168,6.72,-67.06,1.3788,93.5191,-43.0256
169,6.76,-67.0,1.3778,100.8348,-42.3337
170,6.8,-66.94,1.3768,108.6606,-41.6482
171,6.84,-66.88,1.3757,117.0272,-40.9686
172,6.88,-66.82,1.3748,125.9667,-40.295
173,6.92,-66.76,1.3738,135.513,-39.6269
174,6.96,-66.7,1.3729,145.7018,-38.9643
175,7.0,-66.64,1.372,156.5708,-38.307
176,7.04,-66.58,1.3711,168.1595,-37.6547
177,7.08,-66.52,1.3702,180.5094,-37.0074
178,7.12,-66.46,1.3693,193.6642,-36.3648
179,7.16,-66.4,1.3685,207.67,-35.7268
180,7.2,-66.4,1.3683,214.2496,-35.8836
181,7.24,-66.4,1.368,220.917,-36.0355
182,7.28,-66.4,1.3678,227.6718,-36.1826
183,7.32,-66.4,1.3676,234.5137,-36.325
184,7.36,-66.4,1.3674,241.4424,-36.4631
185,7.4,-66.4,1.3672,248.4578,-36.597
186,7.44,-66.4,1.367,255.5594,-36.7267
187,7.48,-66.4,1.3668,262.7473,-36.8525
188,7.52,-66.4,1.3666,270.0212,-36.9746
189,7.56,-66.4,1.3664,277.381,-37.093
190,7.6,-66.4,1.3662,284.8268,-37.2079
191,7.64,-66.4,1.366,292.3585,-37.3194
192,7.68,-66.4,1.3659,299.9762,-37.4277
193,7.72,-66.4,1.3657,307.68,-37.5329
194,7.76,-66.4,1.3655,315.4703,-37.635
195,7.8,-66.4,1.3653,323.3471,-37.7343
196,7.84,-66.4,1.3651,331.311,-37.8307
197,7.88,-66.4,1.3649,339.3623,-37.9245
198,7.92,-66.4,1.3648,347.5016,-38.0157
199,7.96,-66.4,1.3646,355.7296,-38.1045
200,8.0,-66.4,1.3644,364.0471,-38.1908
201,8.04,-66.4,1.3642,372.455,-38.2748
202,8.08,-66.4,1.3641,380.9544,-38.3565
203,8.12,-66.4,1.3639,389.5465,-38.4361
204,8.16,-66.4,1.3637,398.233,-38.5137
205,8.2,-66.4,1.3636,407.0153,-38.5892
206,8.24,-66.4,1.3634,415.8956,-38.6629
207,8.28,-66.4,1.3632,424.8761,-38.7346
208,8.32,-66.4,1.3631,433.9595,-38.8046
209,8.36,-66.4,1.3629,443.1486,-38.8728
210,8.4,-66.4,1.3627,452.4454,-38.9394
211,8.44,-66.4,1.3626,461.8366,-39.0044
212,8.48,-66.4,1.3624,471.3229,-39.0678
213,8.52,-66.4,1.3623,480.9052,-39.1297
214,8.56,-66.4,1.3621,490.5831,-39.1902
215,8.6,-66.4,1.362,500.3519,-39.2493
216,8.64,-66.4,1.3618,510.2116,-39.307
217,8.68,-66.4,1.3616,520.1625,-39.3634
218,8.72,-66.4,1.3615,530.2049,-39.4186
219,8.76,-66.4,1.3613,540.3389,-39.4725
220,8.8,-66.4,1.3612,550.5648,-39.5253
221,8.84,-66.4,1.361,560.8829,-39.5769
222,8.88,-66.4,1.3609,571.2937,-39.6275
223,8.92,-66.4,1.3607,581.7976,-39.677
224,8.96,-66.4,1.3606,592.3949,-39.7254
225,9.0,-66.4,1.3604,603.0863,-39.7729
226,9.04,-66.4,1.3603,613.8722,-39.8194
227,9.08,-66.4,1.3601,624.7533,-39.865
228,9.12,-66.4,1.36,635.7303,-39.9097
229,9.16,-66.4,1.3599,646.804,-39.9535
230,9.2,-66.4,1.3597,657.9751,-39.9965
231,9.24,-66.4,1.3596,669.2447,-40.0387
232,9.28,-66.4,1.3594,680.6135,-40.0801
233,9.32,-66.4,1.3593,692.0829,-40.1207
234,9.36,-66.4,1.3591,703.6539,-40.1607
235,9.4,-66.4,1.359,715.3278,-40.1998
236,9.44,-66.4,1.3589,727.1061,-40.2383
237,9.48,-66.4,1.3587,738.9903,-40.2762
238,9.52,-66.4,1.3586,750.982,-40.3134
239,9.56,-66.4,1.3584,763.0832,-40.3499
240,9.6,-66.34,1.3576,804.522,-39.5955
241,9.64,-66.28,1.3567,848.08,-38.8497
242,9.68,-66.22,1.3559,893.8587,-38.1123
243,9.72,-66.16,1.3551,941.9645,-37.3829
244,9.76,-66.1,1.3543,992.5084,-36.6613
245,9.8,-66.04,1.3535,1045.6067,-35.9472
246,9.84,-65.98,1.3528,1101.381,-35.2402
247,9.88,-65.92,1.352,1159.9587,-34.5403
248,9.92,-65.86,1.3513,1221.4674,-33.8471
249,9.96,-65.8,1.3506,1286.0341,-33.1603
250,10.0,-65.74,1.3499,1353.7995,-32.4798
251,10.04,-65.68,1.3492,1424.9124,-31.8054
252,10.08,-65.62,1.3486,1499.5285,-31.1368
253,10.12,-65.56,1.3479,1577.8102,-30.4738
254,10.16,-65.5,1.3472,1659.9272,-29.8162
255,10.2,-65.44,1.3466,1746.0567,-29.1639
256,10.24,-65.38,1.346,1836.3837,-28.5167
257,10.28,-65.32,1.3454,1931.1016,-27.8743
258,10.32,-65.26,1.3448,2030.412,-27.2367
259,10.36,-65.2,1.3442,2134.5256,-26.6037
260,10.4,-65.2,1.3439,2160.2808,-26.7655
261,10.44,-65.2,1.3437,2186.2206,-26.9224
262,10.48,-65.2,1.3435,2212.3485,-27.0744
263,10.52,-65.2,1.3433,2238.6689,-27.2219
264,10.56,-65.2,1.3431,2265.1862,-27.3649
265,10.6,-65.2,1.3428,2291.9055,-27.5037
266,10.64,-65.2,1.3426,2318.8326,-27.6383
267,10.68,-65.2,1.3424,2345.9736,-27.7691
268,10.72,-65.2,1.3422,2373.3353,-27.896
269,10.76,-65.2,1.342,2400.9254,-28.0194
270,10.8,-65.2,1.3418,2428.7507,-28.1392
271,10.84,-65.2,1.3416,2456.8169,-28.2556
272,10.88,-65.2,1.3414,2485.122,-28.3687
273,10.92,-65.2,1.3412,2513.6746,-28.4788
274,10.96,-65.2,1.341,2542.4838,-28.5858
275,11.0,-65.2,1.3408,2571.5598,-28.6899
276,11.04,-65.2,1.3406,2600.9134,-28.7913
277,11.08,-65.2,1.3404,2630.5567,-28.8899
278,11.12,-65.2,1.3402,2660.5025,-28.986
279,11.16,-65.2,1.34,2690.7652,-29.0795
280,11.2,-65.2,1.3398,2721.3601,-29.1706
281,11.24,-65.2,1.3396,2752.303,-29.2595
282,11.28,-65.2,1.3394,2783.6105,-29.346
283,11.32,-65.2,1.3392,2815.3022,-29.4305
284,11.36,-65.2,1.339,2847.3939,-29.5128
285,11.4,-65.2,1.3389,2879.9036,-29.5932
286,11.44,-65.2,1.3387,2912.8541,-29.6716
287,11.48,-65.2,1.3385,2946.271,-29.7481
288,11.52,-65.2,1.3383,2980.1814,-29.8229
289,11.56,-65.2,1.3381,3014.5633,-29.8959
290,11.6,-65.2,1.3379,3049.4168,-29.9672
291,11.64,-65.2,1.3378,3084.7616,-30.0369
292,11.68,-65.2,1.3376,3120.6191,-30.1051
293,11.72,-65.2,1.3374,3157.0034,-30.1718
294,11.76,-65.2,1.3372,3193.6704,-30.237
295,11.8,-65.2,1.337,3230.6114,-30.3008
296,11.84,-65.2,1.3369,3267.8261,-30.3632
297,11.88,-65.2,1.3367,3305.3144,-30.4244
298,11.92,-65.2,1.3365,3343.0762,-30.4842
299,11.96,-65.2,1.3363,3381.1112,-30.5429
300,12.0,-65.2,1.3362,3419.4193,-30.6004
301,12.04,-65.2,1.336,3458.0004,-30.6567
302,12.08,-65.2,1.3358,3496.8542,-30.7119
303,12.12,-65.2,1.3356,3535.9807,-30.7661
304,12.16,-65.2,1.3355,3575.3798,-30.8193
305,12.2,-65.2,1.3353,3615.0512,-30.8714
306,12.24,-65.2,1.3351,3654.995,-30.9226
307,12.28,-65.2,1.335,3695.2109,-30.9728
308,12.32,-65.2,1.3348,3735.6989,-31.0222
309,12.36,-65.2,1.3346,3776.4589,-31.0707
310,12.4,-65.2,1.3344,3817.4908,-31.1183
311,12.44,-65.2,1.3343,3858.7944,-31.1651
312,12.48,-65.2,1.3341,3900.3698,-31.2112
313,12.52,-65.2,1.334,3942.2168,-31.2564
314,12.56,-65.2,1.3338,3984.3354,-31.3009
315,12.6,-65.2,1.3336,4026.7254,-31.3448
316,12.64,-65.2,1.3335,4069.3869,-31.3879
317,12.68,-65.2,1.3333,4112.3197,-31.4303
318,12.72,-65.2,1.3331,4155.5239,-31.4721
319,12.76,-65.2,1.333,4198.9993,-31.5133
320,12.8,-65.14,1.3324,4383.7164,-30.7634
321,12.84,-65.08,1.3318,4576.2816,-30.0222
322,12.88,-65.02,1.3312,4777.0192,-29.2894
323,12.92,-64.96,1.3306,4986.2673,-28.5646
324,12.96,-64.9,1.3301,5204.3779,-27.8475
325,13.0,-64.84,1.3295,5431.7175,-27.138
326,13.04,-64.78,1.329,5668.6681,-26.4356
327,13.08,-64.72,1.3284,5915.6271,-25.7402
328,13.12,-64.66,1.3279,6173.0086,-25.0516
329,13.16,-64.6,1.3274,6441.2437,-24.3694
330,13.2,-64.54,1.3269,6720.7809,-23.6934
331,13.24,-64.48,1.3264,7012.0874,-23.0235
332,13.28,-64.42,1.3259,7315.6495,-22.3594
333,13.32,-64.36,1.3254,7631.9731,-21.7009
334,13.36,-64.3,1.3249,7961.585,-21.0479
335,13.4,-64.24,1.3245,8305.0333,-20.4001
336,13.44,-64.18,1.324,8662.8883,-19.7574
337,13.48,-64.12,1.3235,9035.7436,-19.1196
338,13.52,-64.06,1.3231,9424.2168,-18.4865
339,13.56,-64.0,1.3226,9828.9502,-17.858
340,13.6,-64.0,1.3224,9897.631,-18.0243
341,13.64,-64.0,1.3222,9966.6161,-18.1856
342,13.68,-64.0,1.322,10035.9001,-18.3421
343,13.72,-64.0,1.3217,10105.478,-18.494
344,13.76,-64.0,1.3215,10175.3453,-18.6416
345,13.8,-64.0,1.3213,10245.4981,-18.7848
346,13.84,-64.0,1.3211,10315.9325,-18.9239
347,13.88,-64.0,1.3209,10386.6452,-19.0591
348,13.92,-64.0,1.3207,10457.6331,-19.1906
349,13.96,-64.0,1.3204,10528.8934,-19.3183
350,14.0,-64.0,1.3202,10600.4237,-19.4426
351,14.04,-64.0,1.32,10672.2215,-19.5634
352,14.08,-64.0,1.3198,10744.2849,-19.681
353,14.12,-64.0,1.3196,10816.6119,-19.7955
354,14.16,-64.0,1.3194,10889.2009,-19.907
355,14.2,-64.0,1.3192,10962.0504,-20.0155
356,14.24,-64.0,1.319,11035.1589,-20.1213
357,14.28,-64.0,1.3188,11108.5252,-20.2243
358,14.32,-64.0,1.3186,11182.1483,-20.3248
359,14.36,-64.0,1.3184,11256.0271,-20.4227
360,14.4,-64.0,1.3182,11330.1609,-20.5183
361,14.44,-64.0,1.318,11404.5487,-20.6115
362,14.48,-64.0,1.3178,11479.19,-20.7025
363,14.52,-64.0,1.3176,11554.0842,-20.7913
364,14.56,-64.0,1.3174,11629.2308,-20.878
365,14.6,-64.0,1.3172,11704.6292,-20.9627
366,14.64,-64.0,1.317,11780.2793,-21.0455
367,14.68,-64.0,1.3168,11856.1805,-21.1264
368,14.72,-64.0,1.3166,11932.3328,-21.2056
369,14.76,-64.0,1.3164,12008.7359,-21.2829
370,14.8,-64.0,1.3162,12085.3897,-21.3586
371,14.84,-64.0,1.316,12162.294,-21.4327
372,14.88,-64.0,1.3158,12239.4488,-21.5052
373,14.92,-64.0,1.3156,12316.8542,-21.5762
374,14.96,-64.0,1.3154,12394.51,-21.6458
375,15.0,-64.0,1.3153,12472.4164,-21.7139
376,15.04,-64.0,1.3151,12550.5734,-21.7807
377,15.08,-64.0,1.3149,12628.9811,-21.8462
378,15.12,-64.0,1.3147,12707.6398,-21.9104
379,15.16,-64.0,1.3145,12786.5494,-21.9733
380,15.2,-64.0,1.3143,12865.7103,-22.0351
381,15.24,-64.0,1.3141,12945.1225,-22.0958
382,15.28,-64.0,1.314,13024.7864,-22.1553
383,15.32,-64.0,1.3138,13104.7022,-22.2138
384,15.36,-64.0,1.3136,13184.87,-22.2712
385,15.4,-64.0,1.3134,13265.2903,-22.3277
386,15.44,-64.0,1.3132,13345.9631,-22.3832
387,15.48,-64.0,1.313,13426.889,-22.4377
388,15.52,-64.0,1.3129,13508.068,-22.4913
389,15.56,-64.0,1.3127,13589.5006,-22.5441
390,15.6,-64.0,1.3125,13671.1871,-22.596
391,15.64,-64.0,1.3123,13753.1278,-22.6471
392,15.68,-64.0,1.3121,13835.3231,-22.6974
393,15.72,-64.0,1.312,13917.7732,-22.7469
394,15.76,-64.0,1.3118,14000.4785,-22.7957
395,15.8,-64.0,1.3116,14083.4395,-22.8437
396,15.84,-64.0,1.3114,14166.6563,-22.8911
397,15.88,-64.0,1.3113,14250.1295,-22.9378
398,15.92,-64.0,1.3111,14333.8594,-22.9838
399,15.96,-64.0,1.3109,14417.8463,-23.0292
400,16.0,-63.94,1.3105,14961.515,-22.2836
401,16.04,-63.88,1.31,15527.0676,-21.5466
402,16.08,-63.82,1.3096,16115.366,-20.818
403,16.12,-63.76,1.3091,16727.3064,-20.0974
404,16.16,-63.7,1.3087,17363.8208,-19.3846
405,16.2,-63.64,1.3083,18025.8783,-18.6792
406,16.24,-63.58,1.3079,18714.4861,-17.9811
407,16.28,-63.52,1.3075,19430.6917,-17.2899
408,16.32,-63.46,1.3071,20175.5834,-16.6054
409,16.36,-63.4,1.3067,20950.2927,-15.9274
410,16.4,-63.34,1.3063,21755.9953,-15.2556
411,16.44,-63.28,1.3059,22593.913,-14.5899
412,16.48,-63.22,1.3055,23465.3154,-13.93
413,16.52,-63.16,1.3051,24371.5216,-13.2757
414,16.56,-63.1,1.3047,25313.9019,-12.6268
415,16.6,-63.04,1.3044,26293.8801,-11.9832
416,16.64,-62.98,1.304,27312.9349,-11.3447
417,16.68,-62.92,1.3036,28372.6026,-10.711
418,16.72,-62.86,1.3033,29474.4785,-10.082
419,16.76,-62.8,1.3029,30620.2198,-9.4577
420,16.8,-62.8,1.3027,30729.339,-9.6281
421,16.84,-62.8,1.3024,30838.8564,-9.7936
422,16.88,-62.8,1.3022,30948.7547,-9.9543
423,16.92,-62.8,1.302,31059.0181,-10.1103
424,16.96,-62.8,1.3018,31169.6323,-10.262
425,17.0,-62.8,1.3016,31280.5845,-10.4093
426,17.04,-62.8,1.3014,31391.8632,-10.5526
427,17.08,-62.8,1.3012,31503.4578,-10.6919
428,17.12,-62.8,1.3009,31615.359,-10.8274
429,17.16,-62.8,1.3007,31727.5583,-10.9593
430,17.2,-62.8,1.3005,31840.0481,-11.0877
431,17.24,-62.8,1.3003,31952.8216,-11.2126
432,17.28,-62.8,1.3001,32065.8727,-11.3343
433,17.32,-62.8,1.2999,32179.196,-11.4529
434,17.36,-62.8,1.2997,32292.7866,-11.5684
435,17.4,-62.8,1.2995,32406.6401,-11.6811
436,17.44,-62.8,1.2993,32520.7529,-11.7909
437,17.48,-62.8,1.2991,32635.1215,-11.898
438,17.52,-62.8,1.2989,32749.743,-12.0026
439,17.56,-62.8,1.2987,32864.6148,-12.1046
440,17.6,-62.8,1.2985,32979.7348,-12.2042
441,17.64,-62.8,1.2983,33095.101,-12.3015
442,17.68,-62.8,1.2981,33210.7117,-12.3965
443,17.72,-62.8,1.2979,33326.5657,-12.4893
444,17.76,-62.8,1.2977,33442.6618,-12.5801
445,17.8,-62.8,1.2975,33558.9991,-12.6689
446,17.84,-62.8,1.2973,33675.5769,-12.7557
447,17.88,-62.8,1.2971,33792.3947,-12.8407
448,17.92,-62.8,1.2969,33909.4521,-12.9238
449,17.96,-62.8,1.2967,34026.7489,-13.0052
450,18.0,-62.8,1.2965,34144.2851,-13.0849
451,18.04,-62.8,1.2963,34262.0607,-13.163
452,18.08,-62.8,1.2961,34380.0758,-13.2395
453,18.12,-62.8,1.2959,34498.3309,-13.3145
454,18.16,-62.8,1.2957,34616.8261,-13.3881
455,18.2,-62.8,1.2955,34735.562,-13.4602
456,18.24,-62.8,1.2953,34854.5392,-13.531
457,18.28,-62.8,1.2951,34973.7581,-13.6005
458,18.32,-62.8,1.2949,35093.2195,-13.6687
459,18.36,-62.8,1.2947,35212.9242,-13.7356
460,18.4,-62.8,1.2945,35332.8728,-13.8014
461,18.44,-62.8,1.2944,35453.0662,-13.866
462,18.48,-62.8,1.2942,35573.5053,-13.9295
463,18.52,-62.8,1.294,35694.1909,-13.992
464,18.56,-62.8,1.2938,35815.124,-14.0534
465,18.6,-62.8,1.2936,35936.3056,-14.1138
466,18.64,-62.8,1.2934,36057.7366,-14.1732
467,18.68,-62.8,1.2932,36179.418,-14.2317
468,18.72,-62.8,1.293,36301.3509,-14.2893
469,18.76,-62.8,1.2929,36423.5364,-14.346
470,18.8,-62.8,1.2927,36545.9754,-14.4018
471,18.84,-62.8,1.2925,36668.6691,-14.4568
472,18.88,-62.8,1.2923,36791.6185,-14.5111
473,18.92,-62.8,1.2921,36914.8247,-14.5645
474,18.96,-62.8,1.2919,37038.2888,-14.6172
475,19.0,-62.8,1.2918,37162.0119,-14.6692
476,19.04,-62.8,1.2916,37285.9951,-14.7205
477,19.08,-62.8,1.2914,37410.2395,-14.7711
478,19.12,-62.8,1.2912,37534.7462,-14.821
479,19.16,-62.8,1.291,37659.5163,-14.8703
480,19.2,-62.74,1.2907,39008.1557,-14.1286
481,19.24,-62.68,1.2903,40409.8578,-13.3955
482,19.28,-62.62,1.29,41866.6369,-12.6707
483,19.32,-62.56,1.2896,43380.5853,-11.954
484,19.36,-62.5,1.2893,44953.8767,-11.2451
485,19.4,-62.44,1.2889,46588.7684,-10.5436
486,19.44,-62.38,1.2886,48287.6046,-9.8494
487,19.48,-62.32,1.2883,50052.8195,-9.162
488,19.52,-62.26,1.2879,51886.9403,-8.4814
489,19.56,-62.2,1.2876,53792.5906,-7.8073
490,19.6,-62.14,1.2873,55772.4937,-7.1394
491,19.64,-62.08,1.287,57829.4763,-6.4775
492,19.68,-62.02,1.2866,59966.4723,-5.8214
493,19.72,-61.96,1.2863,62186.5261,-5.171
494,19.76,-61.9,1.286,64492.7971,-4.526
495,19.8,-61.84,1.2857,66888.5636,-3.8862
496,19.84,-61.78,1.2854,69377.2268,-3.2515
497,19.88,-61.72,1.2851,71962.3154,-2.6216
498,19.92,-61.66,1.2848,74647.4903,-1.9965
499,19.96,-61.6,1.2845,77436.549,-1.3759
500,20.0,-61.6,1.2842,77554.4545,-1.5502
501,20.04,-61.6,1.284,77673.1505,-1.7195
502,20.08,-61.6,1.2838,77792.5915,-1.884
503,20.12,-61.6,1.2836,77912.7367,-2.0438
504,20.16,-61.6,1.2834,78033.5494,-2.1993
505,20.2,-61.6,1.2832,78154.9963,-2.3504
506,20.24,-61.6,1.283,78277.0476,-2.4975
507,20.28,-61.6,1.2828,78399.6762,-2.6406
508,20.32,-61.6,1.2826,78522.858,-2.7799
509,20.36,-61.6,1.2824,78646.5713,-2.9156
510,20.4,-61.6,1.2822,78770.7965,-3.0477
511,20.44,-61.6,1.2819,78895.5162,-3.1764
512,20.48,-61.6,1.2817,79020.7147,-3.3019
513,20.52,-61.6,1.2815,79146.378,-3.4242
514,20.56,-61.6,1.2813,79272.4937,-3.5435
515,20.6,-61.6,1.2811,79399.0507,-3.6599
516,20.64,-61.6,1.2809,79526.0392,-3.7735
517,20.68,-61.6,1.2807,79653.4505,-3.8844
518,20.72,-61.6,1.2805,79781.2769,-3.9927
519,20.76,-61.6,1.2803,79909.5117,-4.0984
520,20.8,-61.6,1.2801,80038.1491,-4.2018
521,20.84,-61.6,1.2799,80167.184,-4.3028
522,20.88,-61.6,1.2797,80296.6119,-4.4015
523,20.92,-61.6,1.2795,80426.4291,-4.4981
524,20.96,-61.6,1.2793,80556.6325,-4.5926
525,21.0,-61.6,1.2791,80687.2194,-4.6851
526,21.04,-61.6,1.2789,80818.1876,-4.7756
527,21.08,-61.6,1.2787,80949.5354,-4.8643
528,21.12,-61.6,1.2785,81081.2615,-4.9511
529,21.16,-61.6,1.2783,81213.3647,-5.0362
530,21.2,-61.6,1.2781,81345.8446,-5.1196
531,21.24,-61.6,1.278,81478.7006,-5.2014
532,21.28,-61.6,1.2778,81611.9327,-5.2816
533,21.32,-61.6,1.2776,81745.541,-5.3603
534,21.36,-61.6,1.2774,81879.5257,-5.4376
535,21.4,-61.6,1.2772,82013.8875,-5.5134
536,21.44,-61.6,1.277,82148.6268,-5.5879
537,21.48,-61.6,1.2768,82283.7447,-5.661
538,21.52,-61.6,1.2766,82419.2421,-5.7328
539,21.56,-61.6,1.2764,82555.1199,-5.8035
540,21.6,-61.6,1.2762,82691.3796,-5.8729
541,21.64,-61.6,1.276,82828.0222,-5.9412
542,21.68,-61.6,1.2758,82965.0492,-6.0083
543,21.72,-61.6,1.2757,83102.462,-6.0744
544,21.76,-61.6,1.2755,83240.2621,-6.1395
545,21.8,-61.6,1.2753,83378.4511,-6.2035
546,21.84,-61.6,1.2751,83517.0306,-6.2666
547,21.88,-61.6,1.2749,83656.0021,-6.3287
548,21.92,-61.6,1.2747,83795.3674,-6.3899
549,21.96,-61.6,1.2745,83935.1282,-6.4502
550,22.0,-61.6,1.2743,84075.2861,-6.5097
551,22.04,-61.6,1.2742,84215.8428,-6.5683
552,22.08,-61.6,1.274,84356.8002,-6.6261
553,22.12,-61.6,1.2738,84498.1598,-6.6832
554,22.16,-61.6,1.2736,84639.9236,-6.7395
555,22.2,-61.6,1.2734,84782.0931,-6.7951
556,22.24,-61.6,1.2732,84924.67,-6.8499
557,22.28,-61.6,1.273,85067.6562,-6.9041
558,22.32,-61.6,1.2729,85211.0533,-6.9577
559,22.36,-61.6,1.2727,85354.863,-7.0105
560,22.4,-61.54,1.2724,88369.3522,-6.2724
561,22.44,-61.48,1.2721,91500.5224,-5.5429
562,22.48,-61.42,1.2718,94752.6815,-4.8217
563,22.52,-61.36,1.2715,98130.3013,-4.1086
564,22.56,-61.3,1.2712,101638.0228,-3.4032
565,22.6,-61.24,1.2709,105280.6625,-2.7053
566,22.64,-61.18,1.2706,109063.2176,-2.0146
567,22.68,-61.12,1.2703,112990.8728,-1.3308
568,22.72,-61.06,1.2701,117069.0065,-0.6538
569,22.76,-61.0,1.2698,121303.1975,0.0168
570,22.8,-60.94,1.2695,125699.2316,0.6812
571,22.84,-60.88,1.2692,130263.1092,1.3395
572,22.88,-60.82,1.269,135001.0527,1.9921
573,22.92,-60.76,1.2687,139919.5135,2.639
574,22.96,-60.7,1.2684,145025.1807,3.2805
575,23.0,-60.64,1.2681,150324.989,3.9167
576,23.04,-60.58,1.2679,155826.127,4.548
577,23.08,-60.52,1.2676,161536.0465,5.1743
578,23.12,-60.46,1.2673,167462.4711,5.7959
579,23.16,-60.4,1.2671,173613.4058,6.4129
580,23.2,-60.4,1.2669,173638.0253,6.2352
581,23.24,-60.4,1.2666,173664.6162,6.0624
582,23.28,-60.4,1.2664,173693.0752,5.8944
583,23.32,-60.4,1.2662,173723.3094,5.731
584,23.36,-60.4,1.266,173755.2349,5.5721
585,23.4,-60.4,1.2658,173788.7759,5.4175
586,23.44,-60.4,1.2656,173823.8642,5.2669
587,23.48,-60.4,1.2654,173860.4384,5.1203
588,23.52,-60.4,1.2652,173898.443,4.9776
589,23.56,-60.4,1.265,173937.8283,4.8384
590,23.6,-60.4,1.2648,173978.5493,4.7028
591,23.64,-60.4,1.2646,174020.5658,4.5706
592,23.68,-60.4,1.2644,174063.8415,4.4417
593,23.72,-60.4,1.2642,174108.3438,4.3159
594,23.76,-60.4,1.264,174154.0437,4.1932
595,23.8,-60.4,1.2638,174200.915,4.0733
596,23.84,-60.4,1.2636,174248.9343,3.9563
597,23.88,-60.4,1.2634,174298.0807,3.842
598,23.92,-60.4,1.2632,174348.3356,3.7303
599,23.96,-60.4,1.263,174399.6824,3.6211
