step,t,gfr_proxy,FGF23,PTH,serum_phos_proxy,psi,constraint_state
0,0.0,90.0,1.0,1.0,1.0,0.1,BUFFERED
1,0.05,89.8,1.004,1.0,1.0,0.1499,BUFFERED
2,0.1,89.7,1.007,1.0,1.0,0.1996,BUFFERED
3,0.15,89.5,1.01,1.0,1.0,0.2491,BUFFERED
4,0.2,89.4,1.013,1.0,1.0,0.2985,BUFFERED
5,0.25,89.3,1.016,1.0,1.0,0.3476,BUFFERED
6,0.3,89.2,1.018,1.0,1.0,0.3966,BUFFERED
7,0.35,89.1,1.02,1.0,1.0,0.4454,BUFFERED
8,0.4,89.0,1.021,1.0,1.0,0.4941,BUFFERED
9,0.45,89.0,1.023,1.0,1.0,0.5425,BUFFERED
10,0.5,88.9,1.024,1.0,1.0,0.5909,BUFFERED
11,0.55,88.9,1.024,1.0,1.0,0.6391,BUFFERED
12,0.6,88.9,1.025,1.0,1.0,0.6871,BUFFERED
13,0.65,88.9,1.025,1.0,1.0,0.735,BUFFERED
14,0.7,88.9,1.025,1.0,1.0,0.7827,BUFFERED
15,0.75,88.9,1.024,1.0,1.0,0.8304,BUFFERED
16,0.8,88.9,1.024,1.0,1.0,0.8779,BUFFERED
17,0.85,89.0,1.023,1.0,1.0,0.9253,BUFFERED
18,0.9,89.0,1.021,1.0,1.0,0.9726,BUFFERED
19,0.95,89.1,1.02,1.0,1.0,1.0197,BUFFERED
20,1.0,89.2,1.018,1.0,1.0,1.0669,BUFFERED
21,1.05,89.2,1.017,1.0,1.0,1.1143,P-EXCESS
22,1.1,89.3,1.016,1.001,1.0,1.1619,P-EXCESS
23,1.15,89.3,1.015,1.003,1.0,1.2098,P-EXCESS
24,1.2,89.3,1.015,1.005,1.0,1.258,P-EXCESS
25,1.25,89.3,1.015,1.008,1.0,1.3066,P-EXCESS
26,1.3,89.3,1.015,1.012,1.0,1.3557,P-EXCESS
27,1.35,89.3,1.015,1.017,1.0,1.4052,P-EXCESS
28,1.4,89.3,1.016,1.022,1.0,1.4552,P-EXCESS
29,1.45,89.2,1.017,1.028,1.0,1.5058,P-EXCESS
30,1.5,89.2,1.018,1.035,1.0,1.557,P-EXCESS
31,1.55,89.1,1.02,1.043,1.0,1.6088,P-EXCESS
32,1.6,89.0,1.022,1.051,1.0,1.6614,P-EXCESS
33,1.65,88.9,1.024,1.06,1.0,1.7147,P-EXCESS
34,1.7,88.8,1.026,1.07,1.0,1.7688,P-EXCESS
35,1.75,88.7,1.029,1.081,1.0,1.8238,P-EXCESS
36,1.8,88.5,1.032,1.093,1.0,1.8797,P-EXCESS
37,1.85,88.4,1.036,1.105,1.0,1.9366,P-EXCESS
38,1.9,88.2,1.039,1.119,1.0,1.9944,P-EXCESS
39,1.95,88.0,1.043,1.133,1.0,2.0533,P-EXCESS
40,2.0,87.8,1.048,1.148,1.0,2.1133,P-EXCESS
41,2.05,87.6,1.053,1.164,1.0,2.1745,P-EXCESS
42,2.1,87.4,1.058,1.181,1.0,2.2369,P-EXCESS
43,2.15,87.2,1.063,1.199,1.0,2.3006,P-EXCESS
44,2.2,86.9,1.069,1.218,1.0,2.3656,P-EXCESS
45,2.25,86.6,1.075,1.238,1.0,2.4319,P-EXCESS
46,2.3,86.4,1.081,1.259,1.0,2.4997,P-EXCESS
47,2.35,86.1,1.087,1.281,1.0,2.569,P-EXCESS
48,2.4,85.8,1.094,1.305,1.0,2.6397,P-EXCESS
49,2.45,85.4,1.102,1.329,1.0,2.7121,P-EXCESS
50,2.5,85.1,1.109,1.354,1.0,2.7861,P-EXCESS
51,2.55,84.7,1.117,1.38,1.0,2.8618,P-EXCESS
52,2.6,84.4,1.125,1.408,1.0,2.9392,P-EXCESS
53,2.65,84.0,1.134,1.437,1.0,3.0185,P-EXCESS
54,2.7,83.6,1.143,1.467,1.0,3.0995,P-EXCESS
55,2.75,83.2,1.152,1.498,1.0,3.1825,P-EXCESS
56,2.8,82.7,1.162,1.531,1.0,3.2674,P-EXCESS
57,2.85,82.3,1.171,1.564,1.0,3.3542,P-EXCESS
58,2.9,81.8,1.182,1.6,1.0,3.4431,P-EXCESS
59,2.95,81.4,1.192,1.636,1.0,3.5341,P-EXCESS
60,3.0,80.9,1.203,1.674,1.0,3.6273,P-EXCESS
61,3.05,80.4,1.214,1.713,1.0,3.7225,P-EXCESS
62,3.1,79.9,1.225,1.754,1.0,3.82,P-EXCESS
63,3.15,79.3,1.237,1.796,1.0,3.9198,P-EXCESS
64,3.2,78.8,1.249,1.84,1.0,4.0218,P-EXCESS
65,3.25,78.2,1.261,1.886,1.0,4.1262,P-EXCESS
66,3.3,77.7,1.274,1.933,1.0,4.2329,P-EXCESS
67,3.35,77.1,1.287,1.981,1.0,4.3421,P-EXCESS
68,3.4,76.5,1.3,2.032,1.0,4.4537,P-EXCESS
69,3.45,75.9,1.313,2.084,1.0,4.5677,P-EXCESS
70,3.5,75.3,1.327,2.137,1.0,4.6843,P-EXCESS
71,3.55,74.7,1.341,2.193,1.0,4.8034,P-EXCESS
72,3.6,74.0,1.355,2.25,1.0,4.925,P-EXCESS
73,3.65,73.4,1.369,2.309,1.0,5.0492,P-EXCESS
74,3.7,72.7,1.384,2.371,1.0,5.176,P-EXCESS
75,3.75,72.1,1.399,2.434,1.0,5.3055,P-EXCESS
76,3.8,71.4,1.414,2.499,1.0,5.4375,P-EXCESS
77,3.85,70.7,1.429,2.566,1.0,5.5723,P-EXCESS
78,3.9,70.0,1.444,2.635,1.0,5.7097,P-EXCESS
79,3.95,69.3,1.46,2.706,1.0,5.8498,P-EXCESS
80,4.0,68.6,1.476,2.78,1.0,5.9926,P-EXCESS
81,4.05,67.9,1.492,2.855,1.0,6.1381,P-EXCESS
82,4.1,67.2,1.508,2.933,1.0,6.2863,P-EXCESS
83,4.15,66.4,1.524,3.013,1.0,6.4373,P-EXCESS
84,4.2,65.7,1.54,3.095,1.0,6.5909,P-EXCESS
85,4.25,65.0,1.556,3.18,1.0,6.7474,P-EXCESS
86,4.3,64.2,1.573,3.267,1.0,6.9066,P-EXCESS
87,4.35,63.5,1.589,3.357,1.0,7.0685,P-EXCESS
88,4.4,62.7,1.606,3.449,1.0,7.2332,P-EXCESS
89,4.45,62.0,1.623,3.543,1.0,7.4006,P-EXCESS
90,4.5,61.2,1.64,3.64,1.0,7.5708,P-EXCESS
91,4.55,60.5,1.656,3.74,1.0,7.7438,P-EXCESS
92,4.6,59.7,1.673,3.842,1.0,7.9195,P-EXCESS
93,4.65,58.9,1.69,3.947,1.0,8.098,P-EXCESS
94,4.7,58.2,1.707,4.055,1.0,8.2793,P-EXCESS
95,4.75,57.4,1.724,4.165,1.0,8.4634,P-EXCESS
96,4.8,56.7,1.741,4.279,1.0,8.6502,P-EXCESS
97,4.85,55.9,1.758,4.395,1.0,8.8398,P-EXCESS
98,4.9,55.2,1.774,4.514,1.0,9.0322,P-EXCESS
99,4.95,54.4,1.791,4.636,1.0,9.2273,P-EXCESS
100,5.0,53.7,1.808,4.76,1.0,9.4253,P-EXCESS
101,5.05,52.9,1.824,4.888,1.0,9.6261,P-EXCESS
102,5.1,52.2,1.841,5.019,1.0,9.8297,P-EXCESS
103,5.15,51.4,1.857,5.153,1.0,10.0361,P-EXCESS
104,5.2,50.7,1.874,5.291,1.0,10.2453,P-EXCESS
105,5.25,49.9,1.89,5.431,1.0,10.4574,P-EXCESS
106,5.3,49.2,1.906,5.574,1.0,10.6723,P-EXCESS
107,5.35,48.5,1.923,5.721,1.0,10.8901,P-EXCESS
108,5.4,47.8,1.939,5.871,1.0,11.1108,P-EXCESS
109,5.45,47.1,1.954,6.025,1.0,11.3344,P-EXCESS
110,5.5,46.3,1.97,6.182,1.0,11.5609,P-EXCESS
111,5.55,45.6,1.986,6.342,1.0,11.7903,P-EXCESS
112,5.6,44.9,2.001,6.506,1.0,12.0228,P-EXCESS
113,5.65,44.3,2.017,6.673,1.007,12.2582,P-EXCESS
114,5.7,43.6,2.032,6.844,1.013,12.4967,P-EXCESS
115,5.75,42.9,2.047,7.019,1.019,12.7382,P-EXCESS
116,5.8,42.2,2.062,7.197,1.025,12.9828,P-EXCESS
117,5.85,41.6,2.076,7.379,1.031,13.2305,P-EXCESS
118,5.9,40.9,2.091,7.565,1.036,13.4814,P-EXCESS
119,5.95,40.3,2.105,7.754,1.042,13.7355,P-EXCESS
120,6.0,39.6,2.12,7.948,1.048,13.9928,P-EXCESS
121,6.05,39.0,2.134,8.145,1.053,14.2534,P-EXCESS
122,6.1,38.4,2.147,8.346,1.059,14.5172,P-EXCESS
123,6.15,37.7,2.161,8.552,1.064,14.7845,P-EXCESS
124,6.2,37.1,2.175,8.761,1.07,15.0551,P-EXCESS
125,6.25,36.5,2.188,8.974,1.075,15.3293,P-EXCESS
126,6.3,35.9,2.201,9.192,1.081,15.6069,P-EXCESS
127,6.35,35.4,2.214,9.414,1.086,15.888,P-EXCESS
128,6.4,34.8,2.227,9.64,1.091,16.1728,P-EXCESS
129,6.45,34.2,2.24,9.87,1.096,16.4613,P-EXCESS
130,6.5,33.6,2.252,10.105,1.101,16.7534,P-EXCESS
131,6.55,33.1,2.265,10.344,1.106,17.0494,P-EXCESS
132,6.6,32.5,2.277,10.588,1.111,17.3492,P-EXCESS
133,6.65,32.0,2.289,10.836,1.115,17.6529,P-EXCESS
134,6.7,31.5,2.3,11.089,1.12,17.9605,P-EXCESS
135,6.75,31.0,2.312,11.347,1.125,18.2722,P-EXCESS
136,6.8,30.4,2.323,11.609,1.129,18.588,P-EXCESS
137,6.85,29.9,2.335,11.876,1.134,18.908,P-EXCESS
138,6.9,29.4,2.346,12.148,1.138,19.2322,P-EXCESS
139,6.95,29.0,2.357,12.425,1.143,19.5607,P-EXCESS
140,7.0,28.5,2.367,12.707,1.147,19.8936,P-EXCESS
141,7.05,28.0,2.378,12.994,1.151,20.231,P-EXCESS
142,7.1,27.5,2.388,13.286,1.155,20.5729,P-EXCESS
143,7.15,27.1,2.399,13.584,1.159,20.9195,P-EXCESS
144,7.2,26.6,2.409,13.886,1.163,21.2707,P-EXCESS
145,7.25,26.2,2.419,14.194,1.167,21.6267,P-EXCESS
146,7.3,25.7,2.428,14.507,1.171,21.9876,P-EXCESS
147,7.35,25.3,2.438,14.826,1.175,22.3534,P-EXCESS
148,7.4,24.9,2.447,15.15,1.179,22.7243,P-EXCESS
149,7.45,24.5,2.457,15.48,1.183,23.1003,P-EXCESS
150,7.5,24.0,2.466,15.816,1.186,23.4815,P-EXCESS
151,7.55,23.6,2.475,16.158,1.19,23.868,P-EXCESS
152,7.6,23.2,2.483,16.505,1.193,24.2599,P-EXCESS
153,7.65,22.9,2.492,16.858,1.197,24.6572,P-EXCESS
154,7.7,22.5,2.501,17.218,1.2,25.0602,P-EXCESS
155,7.75,22.1,2.509,17.583,1.204,25.4688,P-EXCESS
156,7.8,21.7,2.517,17.955,1.207,25.8832,P-EXCESS
157,7.85,21.4,2.525,18.333,1.21,26.3035,P-EXCESS
158,7.9,21.0,2.533,18.718,1.213,26.7298,P-EXCESS
159,7.95,20.7,2.541,19.109,1.216,27.1621,P-EXCESS
160,8.0,20.3,2.549,19.506,1.22,27.6006,P-EXCESS
161,8.05,20.0,2.556,19.91,1.223,28.0454,P-EXCESS
162,8.1,19.6,2.564,20.321,1.226,28.4966,P-EXCESS
163,8.15,19.3,2.571,20.739,1.228,28.9544,P-EXCESS
164,8.2,19.0,2.578,21.164,1.231,29.4187,P-EXCESS
165,8.25,18.7,2.585,21.596,1.234,29.8897,P-EXCESS
166,8.3,18.3,2.592,22.035,1.237,30.3676,P-EXCESS
167,8.35,18.0,2.599,22.481,1.24,30.8525,P-EXCESS
168,8.4,17.7,2.606,22.935,1.242,31.3444,P-EXCESS
169,8.45,17.4,2.612,23.396,1.245,31.8435,P-EXCESS
170,8.5,17.2,2.619,23.865,1.248,32.35,P-EXCESS
171,8.55,16.9,2.625,24.341,1.25,32.8638,P-EXCESS
172,8.6,16.6,2.631,24.825,1.253,33.3852,P-EXCESS
173,8.65,16.3,2.638,25.318,1.255,33.9144,P-EXCESS
174,8.7,16.0,2.644,25.818,1.257,34.4513,P-EXCESS
175,8.75,15.8,2.649,26.326,1.26,34.9962,P-EXCESS
176,8.8,15.5,2.655,26.843,1.262,35.5491,P-EXCESS
177,8.85,15.3,2.661,27.368,1.264,36.1102,P-EXCESS
178,8.9,15.0,2.667,27.902,1.267,36.6797,P-EXCESS
179,8.95,14.8,2.672,28.444,1.269,37.2577,P-EXCESS
180,9.0,14.5,2.678,28.995,1.271,37.8443,P-EXCESS
181,9.05,14.3,2.683,29.555,1.273,38.4396,P-EXCESS
182,9.1,14.0,2.688,30.125,1.275,39.0439,P-EXCESS
183,9.15,13.8,2.693,30.703,1.277,39.6572,P-EXCESS
184,9.2,13.6,2.698,31.291,1.279,40.2797,P-EXCESS
185,9.25,13.3,2.703,31.888,1.281,40.9115,P-EXCESS
186,9.3,13.1,2.708,32.495,1.283,41.5528,P-EXCESS
187,9.35,12.9,2.713,33.111,1.285,42.2038,P-EXCESS
188,9.4,12.7,2.718,33.738,1.287,42.8646,P-EXCESS
189,9.45,12.5,2.722,34.374,1.289,43.5353,P-EXCESS
190,9.5,12.3,2.727,35.021,1.291,44.2162,P-EXCESS
191,9.55,12.1,2.732,35.678,1.293,44.9073,P-EXCESS
192,9.6,11.9,2.736,36.346,1.294,45.6089,P-EXCESS
193,9.65,11.7,2.74,37.024,1.296,46.3212,P-EXCESS
194,9.7,11.5,2.745,37.713,1.298,47.0442,P-EXCESS
195,9.75,11.3,2.749,38.413,1.299,47.7781,P-EXCESS
196,9.8,11.1,2.753,39.125,1.301,48.5233,P-EXCESS
197,9.85,10.9,2.757,39.847,1.303,49.2797,P-EXCESS
198,9.9,10.8,2.761,40.582,1.304,50.0476,P-EXCESS
199,9.95,10.6,2.765,41.327,1.306,50.8272,P-EXCESS
200,10.0,10.4,2.769,42.085,1.307,51.6187,P-EXCESS
201,10.05,10.2,2.772,42.855,1.309,52.4222,P-EXCESS
202,10.1,10.1,2.776,43.637,1.31,53.238,P-EXCESS
203,10.15,9.9,2.78,44.432,1.312,54.0662,P-EXCESS
204,10.2,9.7,2.783,45.239,1.313,54.907,P-EXCESS
205,10.25,9.6,2.787,46.059,1.315,55.7607,P-EXCESS
206,10.3,9.4,2.79,46.892,1.316,56.6274,P-EXCESS
207,10.35,9.3,2.794,47.738,1.317,57.5073,P-EXCESS
208,10.4,9.1,2.797,48.597,1.319,58.4007,P-EXCESS
209,10.45,9.0,2.8,49.47,1.32,59.3078,P-EXCESS
210,10.5,8.8,2.804,50.357,1.321,60.2287,P-EXCESS
211,10.55,8.7,2.807,51.258,1.323,61.1638,P-EXCESS
212,10.6,8.6,2.81,52.173,1.324,62.1131,P-EXCESS
213,10.65,8.4,2.813,53.103,1.325,63.077,P-EXCESS
214,10.7,8.3,2.816,54.047,1.326,64.0557,P-EXCESS
215,10.75,8.1,2.819,55.007,1.328,65.0494,P-EXCESS
216,10.8,8.0,2.822,55.981,1.329,66.0583,P-EXCESS
217,10.85,7.9,2.825,56.971,1.33,67.0827,P-EXCESS
218,10.9,7.8,2.828,57.976,1.331,68.1229,P-EXCESS
219,10.95,7.6,2.83,58.997,1.332,69.179,P-EXCESS
220,11.0,7.5,2.833,60.035,1.333,70.2513,P-EXCESS
221,11.05,7.4,2.836,61.088,1.334,71.34,P-EXCESS
222,11.1,7.3,2.838,62.158,1.335,72.4456,P-EXCESS
223,11.15,7.2,2.841,63.245,1.336,73.5681,P-EXCESS
224,11.2,7.0,2.844,64.349,1.337,74.7078,P-EXCESS
225,11.25,6.9,2.846,65.471,1.338,75.8651,P-EXCESS
226,11.3,6.8,2.849,66.61,1.339,77.0275,P-EXCESS
227,11.35,6.7,2.851,67.766,1.34,78.1897,P-EXCESS
228,11.4,6.6,2.853,68.94,1.341,79.3518,P-EXCESS
229,11.45,6.5,2.856,70.131,1.342,80.5138,P-EXCESS
230,11.5,6.4,2.858,71.34,1.343,81.6756,P-EXCESS
231,11.55,6.3,2.86,72.566,1.344,82.8371,P-EXCESS
232,11.6,6.2,2.863,73.809,1.345,83.9984,P-EXCESS
233,11.65,6.1,2.865,75.07,1.346,85.1594,P-EXCESS
234,11.7,6.0,2.867,76.349,1.347,86.32,P-EXCESS
235,11.75,5.9,2.869,77.644,1.348,87.4803,P-EXCESS
236,11.8,5.8,2.871,78.957,1.348,88.6402,P-EXCESS
237,11.85,5.7,2.873,80.288,1.349,89.7997,P-EXCESS
238,11.9,5.6,2.875,81.636,1.35,90.9587,P-EXCESS
239,11.95,5.5,2.877,83.001,1.351,92.1172,P-EXCESS
240,12.0,5.5,2.879,84.384,1.352,93.2752,P-EXCESS
241,12.05,5.4,2.881,85.784,1.352,94.4327,P-EXCESS
242,12.1,5.3,2.883,87.201,1.353,95.5897,P-EXCESS
243,12.15,5.2,2.884,88.636,1.354,96.7461,P-EXCESS
244,12.2,5.1,2.886,90.088,1.354,97.9019,P-EXCESS
245,12.25,5.0,2.888,91.557,1.355,99.057,P-EXCESS
246,12.3,5.0,2.89,93.044,1.356,100.2115,P-EXCESS
247,12.35,4.9,2.891,94.548,1.357,101.3654,P-EXCESS
248,12.4,4.8,2.893,96.069,1.357,102.5186,P-EXCESS
249,12.45,4.7,2.895,97.608,1.358,103.6711,P-EXCESS
250,12.5,4.7,2.896,99.163,1.358,104.8228,P-EXCESS
251,12.55,4.6,2.898,100.736,1.359,105.9738,P-EXCESS
252,12.6,4.5,2.899,102.327,1.36,107.1241,P-EXCESS
253,12.65,4.5,2.901,103.934,1.36,108.2737,P-EXCESS
254,12.7,4.4,2.902,105.559,1.361,109.4224,P-EXCESS
255,12.75,4.3,2.904,107.201,1.361,110.5703,P-EXCESS
256,12.8,4.3,2.905,108.861,1.362,111.7175,P-EXCESS
257,12.85,4.2,2.906,110.537,1.363,112.8638,P-EXCESS
258,12.9,4.1,2.908,112.231,1.363,114.0093,P-EXCESS
259,12.95,4.1,2.909,113.941,1.364,115.1539,P-EXCESS
260,13.0,4.0,2.91,115.669,1.364,116.2977,P-EXCESS
261,13.05,4.0,2.912,117.415,1.365,117.4407,P-EXCESS
262,13.1,3.9,2.913,119.177,1.365,118.5827,P-EXCESS
263,13.15,3.9,2.914,120.956,1.366,119.7239,P-EXCESS
264,13.2,3.8,2.915,122.753,1.366,120.8641,P-EXCESS
265,13.25,3.8,2.917,124.566,1.367,122.0035,P-EXCESS
266,13.3,3.7,2.918,126.397,1.367,123.142,P-EXCESS
267,13.35,3.6,2.919,128.244,1.368,124.2795,P-EXCESS
268,13.4,3.6,2.92,130.109,1.368,125.4161,P-EXCESS
269,13.45,3.6,2.921,131.991,1.368,126.5518,P-EXCESS
270,13.5,3.5,2.922,133.89,1.369,127.6865,P-EXCESS
271,13.55,3.5,2.923,135.806,1.369,128.8203,P-EXCESS
272,13.6,3.4,2.924,137.738,1.37,129.9531,P-EXCESS
273,13.65,3.4,2.925,139.688,1.37,131.0849,P-EXCESS
274,13.7,3.3,2.926,141.655,1.371,132.2158,P-EXCESS
275,13.75,3.3,2.927,143.639,1.371,133.3457,P-EXCESS
276,13.8,3.2,2.928,145.639,1.371,134.4747,P-EXCESS
277,13.85,3.2,2.929,147.657,1.372,135.6026,P-EXCESS
278,13.9,3.1,2.93,149.691,1.372,136.7296,P-EXCESS
279,13.95,3.1,2.931,151.743,1.372,137.8556,P-EXCESS
280,14.0,3.1,2.932,153.811,1.373,138.9806,P-EXCESS
281,14.05,3.0,2.933,155.896,1.373,140.1046,P-EXCESS
282,14.1,3.0,2.934,157.998,1.373,141.2276,P-EXCESS
283,14.15,2.9,2.935,160.116,1.374,142.3495,P-EXCESS
284,14.2,2.9,2.935,162.252,1.374,143.4705,P-EXCESS
285,14.25,2.9,2.936,164.404,1.374,144.5905,P-EXCESS
286,14.3,2.8,2.937,166.574,1.375,145.7094,P-EXCESS
287,14.35,2.8,2.938,168.759,1.375,146.8273,P-EXCESS
288,14.4,2.8,2.939,170.962,1.375,147.9442,P-EXCESS
289,14.45,2.7,2.939,173.182,1.376,149.0601,P-EXCESS
290,14.5,2.7,2.94,175.418,1.376,150.175,P-EXCESS
291,14.55,2.7,2.941,177.67,1.376,151.2888,P-EXCESS
292,14.6,2.6,2.942,179.94,1.377,152.4016,P-EXCESS
293,14.65,2.6,2.942,182.226,1.377,153.5134,P-EXCESS
294,14.7,2.6,2.943,184.529,1.377,154.6242,P-EXCESS
295,14.75,2.5,2.944,186.849,1.377,155.7339,P-EXCESS
296,14.8,2.5,2.944,189.185,1.378,156.8426,P-EXCESS
297,14.85,2.5,2.945,191.537,1.378,157.9502,P-EXCESS
298,14.9,2.4,2.946,193.907,1.378,159.0569,P-EXCESS
299,14.95,2.4,2.946,196.293,1.378,160.1624,P-EXCESS
300,15.0,2.4,2.947,198.695,1.379,161.267,P-EXCESS
301,15.05,2.4,2.947,201.114,1.379,162.3705,P-EXCESS
302,15.1,2.3,2.948,203.55,1.379,163.473,P-EXCESS
303,15.15,2.3,2.949,206.002,1.379,164.5744,P-EXCESS
304,15.2,2.3,2.949,208.471,1.38,165.6748,P-EXCESS
305,15.25,2.3,2.95,210.956,1.38,166.7741,P-EXCESS
306,15.3,2.2,2.95,213.457,1.38,167.8725,P-EXCESS
307,15.35,2.2,2.951,215.975,1.38,168.9697,P-EXCESS
308,15.4,2.2,2.952,218.51,1.381,170.066,P-EXCESS
309,15.45,2.2,2.952,221.061,1.381,171.1612,P-EXCESS
310,15.5,2.1,2.953,223.628,1.381,172.2553,P-EXCESS
311,15.55,2.1,2.953,226.212,1.381,173.3484,P-EXCESS
312,15.6,2.1,2.954,228.812,1.381,174.4405,P-EXCESS
313,15.65,2.1,2.954,231.428,1.382,175.5316,P-EXCESS
314,15.7,2.0,2.955,234.061,1.382,176.6216,P-EXCESS
315,15.75,2.0,2.955,236.71,1.382,177.7105,P-EXCESS
316,15.8,2.0,2.956,239.376,1.382,178.7985,P-EXCESS
317,15.85,2.0,2.956,242.058,1.382,179.8853,P-EXCESS
318,15.9,2.0,2.957,244.756,1.383,180.9712,P-EXCESS
319,15.95,1.9,2.957,247.47,1.383,182.056,P-EXCESS
320,16.0,1.9,2.957,250.201,1.383,183.1398,P-EXCESS
321,16.05,1.9,2.958,252.948,1.383,184.2225,P-EXCESS
322,16.1,1.9,2.958,255.711,1.383,185.3043,P-EXCESS
323,16.15,1.9,2.959,258.49,1.384,186.3849,P-EXCESS
324,16.2,1.8,2.959,261.285,1.384,187.4646,P-EXCESS
325,16.25,1.8,2.96,264.097,1.384,188.5432,P-EXCESS
326,16.3,1.8,2.96,266.925,1.384,189.6208,P-EXCESS
327,16.35,1.8,2.96,269.769,1.384,190.6973,P-EXCESS
328,16.4,1.8,2.961,272.629,1.384,191.7728,P-EXCESS
329,16.45,1.7,2.961,275.505,1.385,192.8473,P-EXCESS
330,16.5,1.7,2.962,278.397,1.385,193.9208,P-EXCESS
331,16.55,1.7,2.962,281.306,1.385,194.9933,P-EXCESS
332,16.6,1.7,2.962,284.23,1.385,196.0647,P-EXCESS
333,16.65,1.7,2.963,287.171,1.385,197.1351,P-EXCESS
334,16.7,1.7,2.963,290.127,1.385,198.2044,P-EXCESS
335,16.75,1.6,2.964,293.1,1.385,199.2728,P-EXCESS
336,16.8,1.6,2.964,296.089,1.386,200.3401,P-EXCESS
337,16.85,1.6,2.964,299.093,1.386,201.4064,P-EXCESS
338,16.9,1.6,2.965,302.114,1.386,202.4717,P-EXCESS
339,16.95,1.6,2.965,305.15,1.386,203.536,P-EXCESS
340,17.0,1.6,2.965,308.203,1.386,204.5992,P-EXCESS
341,17.05,1.5,2.966,311.271,1.386,205.6615,P-EXCESS
342,17.1,1.5,2.966,314.355,1.386,206.7227,P-EXCESS
343,17.15,1.5,2.966,317.456,1.386,207.7829,P-EXCESS
344,17.2,1.5,2.967,320.572,1.387,208.8421,P-EXCESS
345,17.25,1.5,2.967,323.704,1.387,209.9003,P-EXCESS
346,17.3,1.5,2.967,326.852,1.387,210.9574,P-EXCESS
347,17.35,1.5,2.967,330.015,1.387,212.0136,P-EXCESS
348,17.4,1.5,2.968,333.195,1.387,213.0688,P-EXCESS
349,17.45,1.4,2.968,336.39,1.387,214.1229,P-EXCESS
350,17.5,1.4,2.968,339.601,1.387,215.1761,P-EXCESS
351,17.55,1.4,2.969,342.828,1.387,216.2283,P-EXCESS
352,17.6,1.4,2.969,346.071,1.388,217.2794,P-EXCESS
353,17.65,1.4,2.969,349.329,1.388,218.3296,P-EXCESS
354,17.7,1.4,2.969,352.604,1.388,219.3787,P-EXCESS
355,17.75,1.4,2.97,355.894,1.388,220.4269,P-EXCESS
356,17.8,1.3,2.97,359.199,1.388,221.474,P-EXCESS
357,17.85,1.3,2.97,362.52,1.388,222.5202,P-EXCESS
358,17.9,1.3,2.971,365.857,1.388,223.5654,P-EXCESS
359,17.95,1.3,2.971,369.21,1.388,224.6095,P-EXCESS
360,18.0,1.3,2.971,372.578,1.388,225.6527,P-EXCESS
361,18.05,1.3,2.971,375.962,1.389,226.6949,P-EXCESS
362,18.1,1.3,2.972,379.362,1.389,227.7361,P-EXCESS
363,18.15,1.3,2.972,382.777,1.389,228.7764,P-EXCESS
364,18.2,1.3,2.972,386.208,1.389,229.8156,P-EXCESS
365,18.25,1.2,2.972,389.654,1.389,230.8539,P-EXCESS
366,18.3,1.2,2.973,393.116,1.389,231.8912,P-EXCESS
367,18.35,1.2,2.973,396.593,1.389,232.9275,P-EXCESS
368,18.4,1.2,2.973,400.086,1.389,233.9628,P-EXCESS
369,18.45,1.2,2.973,403.595,1.389,234.9971,P-EXCESS
370,18.5,1.2,2.973,407.119,1.389,236.0305,P-EXCESS
371,18.55,1.2,2.974,410.658,1.389,237.0629,P-EXCESS
372,18.6,1.2,2.974,414.213,1.39,238.0943,P-EXCESS
373,18.65,1.2,2.974,417.783,1.39,239.1247,P-EXCESS
374,18.7,1.2,2.974,421.369,1.39,240.1542,P-EXCESS
375,18.75,1.1,2.975,424.97,1.39,241.1827,P-EXCESS
376,18.8,1.1,2.975,428.587,1.39,242.2103,P-EXCESS
377,18.85,1.1,2.975,432.219,1.39,243.2368,P-EXCESS
378,18.9,1.1,2.975,435.867,1.39,244.2624,P-EXCESS
379,18.95,1.1,2.975,439.529,1.39,245.2871,P-EXCESS
380,19.0,1.1,2.976,443.208,1.39,246.3108,P-EXCESS
381,19.05,1.1,2.976,446.901,1.39,247.3335,P-EXCESS
382,19.1,1.1,2.976,450.61,1.39,248.3552,P-EXCESS
383,19.15,1.1,2.976,454.334,1.39,249.3761,P-EXCESS
384,19.2,1.1,2.976,458.073,1.391,250.3959,P-EXCESS
385,19.25,1.1,2.976,461.828,1.391,251.4148,P-EXCESS
386,19.3,1.1,2.977,465.598,1.391,252.4327,P-EXCESS
387,19.35,1.0,2.977,469.383,1.391,253.4497,P-EXCESS
388,19.4,1.0,2.977,473.184,1.391,254.4658,P-EXCESS
389,19.45,1.0,2.977,477.0,1.391,255.4809,P-EXCESS
390,19.5,1.0,2.977,480.831,1.391,256.495,P-EXCESS
391,19.55,1.0,2.978,484.677,1.391,257.5082,P-EXCESS
392,19.6,1.0,2.978,488.538,1.391,258.5205,P-EXCESS
393,19.65,1.0,2.978,492.414,1.391,259.5318,P-EXCESS
394,19.7,1.0,2.978,496.306,1.391,260.5422,P-EXCESS
395,19.75,1.0,2.978,500.213,1.391,261.5516,P-EXCESS
396,19.8,1.0,2.978,504.135,1.391,262.5601,P-EXCESS
397,19.85,1.0,2.979,508.072,1.391,263.5676,P-EXCESS
398,19.9,1.0,2.979,512.024,1.391,264.5743,P-EXCESS
399,19.95,1.0,2.979,515.991,1.392,265.58,P-EXCESS
400,20.0,0.9,2.979,519.973,1.392,266.5847,P-EXCESS
401,20.05,0.9,2.979,523.971,1.392,267.5885,P-EXCESS
402,20.1,0.9,2.979,527.983,1.392,268.5914,P-EXCESS
403,20.15,0.9,2.979,532.01,1.392,269.5934,P-EXCESS
404,20.2,0.9,2.98,536.053,1.392,270.5944,P-EXCESS
405,20.25,0.9,2.98,540.11,1.392,271.5945,P-EXCESS
406,20.3,0.9,2.98,544.183,1.392,272.5937,P-EXCESS
407,20.35,0.9,2.98,548.27,1.392,273.592,P-EXCESS
408,20.4,0.9,2.98,552.372,1.392,274.5894,P-EXCESS
409,20.45,0.9,2.98,556.49,1.392,275.5856,P-EXCESS
410,20.5,0.9,2.98,560.622,1.392,276.5765,P-EXCESS
411,20.55,0.9,2.981,564.769,1.392,277.5619,P-EXCESS
412,20.6,0.9,2.981,568.93,1.392,278.5421,P-EXCESS
413,20.65,0.9,2.981,573.107,1.392,279.5172,P-EXCESS
414,20.7,0.9,2.981,577.298,1.392,280.4871,P-EXCESS
415,20.75,0.8,2.981,581.503,1.392,281.4521,P-EXCESS
416,20.8,0.8,2.981,585.722,1.393,282.4122,P-EXCESS
417,20.85,0.8,2.981,589.956,1.393,283.3675,P-EXCESS
418,20.9,0.8,2.982,594.205,1.393,284.318,P-EXCESS
419,20.95,0.8,2.982,598.467,1.393,285.2639,P-EXCESS
420,21.0,0.8,2.982,602.744,1.393,286.2053,P-EXCESS
421,21.05,0.8,2.982,607.034,1.393,287.1421,P-EXCESS
422,21.1,0.8,2.982,611.339,1.393,288.0746,P-EXCESS
423,21.15,0.8,2.982,615.658,1.393,289.0027,P-EXCESS
424,21.2,0.8,2.982,619.99,1.393,289.9266,P-EXCESS
425,21.25,0.8,2.982,624.336,1.393,290.8463,P-EXCESS
426,21.3,0.8,2.982,628.696,1.393,291.7619,P-EXCESS
427,21.35,0.8,2.983,633.07,1.393,292.6734,P-EXCESS
428,21.4,0.8,2.983,637.457,1.393,293.581,P-EXCESS
429,21.45,0.8,2.983,641.858,1.393,294.4846,P-EXCESS
430,21.5,0.8,2.983,646.272,1.393,295.3844,P-EXCESS
431,21.55,0.8,2.983,650.7,1.393,296.2805,P-EXCESS
432,21.6,0.8,2.983,655.141,1.393,297.1728,P-EXCESS
433,21.65,0.8,2.983,659.595,1.393,298.0614,P-EXCESS
434,21.7,0.7,2.983,664.063,1.393,298.9465,P-EXCESS
435,21.75,0.7,2.983,668.544,1.393,299.828,P-EXCESS
436,21.8,0.7,2.984,673.038,1.393,300.706,P-EXCESS
437,21.85,0.7,2.984,677.545,1.393,301.5806,P-EXCESS
438,21.9,0.7,2.984,682.065,1.394,302.4519,P-EXCESS
439,21.95,0.7,2.984,686.599,1.394,303.3198,P-EXCESS
440,22.0,0.7,2.984,691.145,1.394,304.1845,P-EXCESS
441,22.05,0.7,2.984,695.704,1.394,305.0459,P-EXCESS
442,22.1,0.7,2.984,700.276,1.394,305.9042,P-EXCESS
443,22.15,0.7,2.984,704.861,1.394,306.7593,P-EXCESS
444,22.2,0.7,2.984,709.459,1.394,307.6114,P-EXCESS
445,22.25,0.7,2.984,714.069,1.394,308.4605,P-EXCESS
446,22.3,0.7,2.985,718.692,1.394,309.3066,P-EXCESS
447,22.35,0.7,2.985,723.328,1.394,310.1498,P-EXCESS
448,22.4,0.7,2.985,727.976,1.394,310.9901,P-EXCESS
449,22.45,0.7,2.985,732.637,1.394,311.8276,P-EXCESS
450,22.5,0.7,2.985,737.311,1.394,312.6622,P-EXCESS
451,22.55,0.7,2.985,741.997,1.394,313.4941,P-EXCESS
452,22.6,0.7,2.985,746.695,1.394,314.3233,P-EXCESS
453,22.65,0.7,2.985,751.406,1.394,315.1498,P-EXCESS
454,22.7,0.7,2.985,756.129,1.394,315.9737,P-EXCESS
455,22.75,0.7,2.985,760.864,1.394,316.795,P-EXCESS
456,22.8,0.7,2.985,765.612,1.394,317.6137,P-EXCESS
457,22.85,0.6,2.986,770.372,1.394,318.4299,P-EXCESS
458,22.9,0.6,2.986,775.144,1.394,319.2436,P-EXCESS
459,22.95,0.6,2.986,779.928,1.394,320.0548,P-EXCESS
460,23.0,0.6,2.986,784.725,1.394,320.8637,P-EXCESS
461,23.05,0.6,2.986,789.533,1.394,321.6701,P-EXCESS
462,23.1,0.6,2.986,794.354,1.394,322.4742,P-EXCESS
463,23.15,0.6,2.986,799.187,1.394,323.276,P-EXCESS
464,23.2,0.6,2.986,804.031,1.394,324.0755,P-EXCESS
465,23.25,0.6,2.986,808.888,1.394,324.8728,P-EXCESS
466,23.3,0.6,2.986,813.756,1.395,325.6678,P-EXCESS
467,23.35,0.6,2.986,818.637,1.395,326.4606,P-EXCESS
468,23.4,0.6,2.986,823.529,1.395,327.2513,P-EXCESS
469,23.45,0.6,2.987,828.433,1.395,328.0398,P-EXCESS
470,23.5,0.6,2.987,833.349,1.395,328.8263,P-EXCESS
471,23.55,0.6,2.987,838.277,1.395,329.6106,P-EXCESS
472,23.6,0.6,2.987,843.216,1.395,330.3929,P-EXCESS
473,23.65,0.6,2.987,848.167,1.395,331.1732,P-EXCESS
474,23.7,0.6,2.987,853.13,1.395,331.9515,P-EXCESS
475,23.75,0.6,2.987,858.104,1.395,332.7278,P-EXCESS
476,23.8,0.6,2.987,863.09,1.395,333.5022,P-EXCESS
477,23.85,0.6,2.987,868.088,1.395,334.2747,P-EXCESS
478,23.9,0.6,2.987,873.097,1.395,335.0452,P-EXCESS
479,23.95,0.6,2.987,878.118,1.395,335.8139,P-EXCESS
480,24.0,0.6,2.987,883.15,1.395,336.5808,P-EXCESS
481,24.05,0.6,2.987,888.194,1.395,337.3458,P-EXCESS
482,24.1,0.6,2.987,893.249,1.395,338.109,P-EXCESS
483,24.15,0.6,2.988,898.316,1.395,338.8705,P-EXCESS
484,24.2,0.6,2.988,903.393,1.395,339.6301,P-EXCESS
485,24.25,0.6,2.988,908.483,1.395,340.3881,P-EXCESS
486,24.3,0.6,2.988,913.583,1.395,341.1443,P-EXCESS
487,24.35,0.5,2.988,918.695,1.395,341.8989,P-EXCESS
488,24.4,0.5,2.988,923.819,1.395,342.6518,P-EXCESS
489,24.45,0.5,2.988,928.953,1.395,343.403,P-EXCESS
490,24.5,0.5,2.988,934.099,1.395,344.1526,P-EXCESS
491,24.55,0.5,2.988,939.256,1.395,344.9005,P-EXCESS
492,24.6,0.5,2.988,944.424,1.395,345.6469,P-EXCESS
493,24.65,0.5,2.988,949.604,1.395,346.3917,P-EXCESS
494,24.7,0.5,2.988,954.794,1.395,347.135,P-EXCESS
495,24.75,0.5,2.988,959.996,1.395,347.8767,P-EXCESS
496,24.8,0.5,2.988,965.209,1.395,348.6169,P-EXCESS
497,24.85,0.5,2.988,970.432,1.395,349.3556,P-EXCESS
498,24.9,0.5,2.988,975.667,1.395,350.0928,P-EXCESS
499,24.95,0.5,2.989,980.913,1.395,350.8285,P-EXCESS
500,25.0,0.5,2.989,986.17,1.395,351.5628,P-EXCESS
501,25.05,0.5,2.989,991.438,1.395,352.2956,P-EXCESS
502,25.1,0.5,2.989,996.717,1.395,353.0271,P-EXCESS
503,25.15,0.5,2.989,1002.007,1.395,353.7571,P-EXCESS
504,25.2,0.5,2.989,1007.308,1.396,354.4857,P-EXCESS
505,25.25,0.5,2.989,1012.619,1.396,355.213,P-EXCESS
506,25.3,0.5,2.989,1017.942,1.396,355.9389,P-EXCESS
507,25.35,0.5,2.989,1023.275,1.396,356.6634,P-EXCESS
508,25.4,0.5,2.989,1028.62,1.396,357.3866,P-EXCESS
509,25.45,0.5,2.989,1033.975,1.396,358.1086,P-EXCESS
510,25.5,0.5,2.989,1039.341,1.396,358.8292,P-EXCESS
511,25.55,0.5,2.989,1044.717,1.396,359.5485,P-EXCESS
512,25.6,0.5,2.989,1050.105,1.396,360.2665,P-EXCESS
513,25.65,0.5,2.989,1055.503,1.396,360.9833,P-EXCESS
514,25.7,0.5,2.989,1060.912,1.396,361.6989,P-EXCESS
515,25.75,0.5,2.989,1066.332,1.396,362.4132,P-EXCESS
516,25.8,0.5,2.989,1071.762,1.396,363.1263,P-EXCESS
517,25.85,0.5,2.989,1077.203,1.396,363.8382,P-EXCESS
518,25.9,0.5,2.99,1082.655,1.396,364.5488,P-EXCESS
519,25.95,0.5,2.99,1088.117,1.396,365.2583,P-EXCESS
520,26.0,0.5,2.99,1093.59,1.396,365.9667,P-EXCESS
521,26.05,0.5,2.99,1099.074,1.396,366.6738,P-EXCESS
522,26.1,0.5,2.99,1104.568,1.396,367.3799,P-EXCESS
523,26.15,0.5,2.99,1110.073,1.396,368.0847,P-EXCESS
524,26.2,0.5,2.99,1115.588,1.396,368.7885,P-EXCESS
525,26.25,0.5,2.99,1121.114,1.396,369.4911,P-EXCESS
526,26.3,0.5,2.99,1126.651,1.396,370.1927,P-EXCESS
527,26.35,0.5,2.99,1132.198,1.396,370.8931,P-EXCESS
528,26.4,0.5,2.99,1137.755,1.396,371.5925,P-EXCESS
529,26.45,0.4,2.99,1143.323,1.396,372.2908,P-EXCESS
530,26.5,0.4,2.99,1148.901,1.396,372.988,P-EXCESS
531,26.55,0.4,2.99,1154.49,1.396,373.6842,P-EXCESS
532,26.6,0.4,2.99,1160.089,1.396,374.3794,P-EXCESS
533,26.65,0.4,2.99,1165.699,1.396,375.0735,P-EXCESS
534,26.7,0.4,2.99,1171.319,1.396,375.7666,P-EXCESS
535,26.75,0.4,2.99,1176.949,1.396,376.4586,P-EXCESS
536,26.8,0.4,2.99,1182.59,1.396,377.1497,P-EXCESS
537,26.85,0.4,2.99,1188.241,1.396,377.8398,P-EXCESS
538,26.9,0.4,2.99,1193.902,1.396,378.5289,P-EXCESS
539,26.95,0.4,2.99,1199.574,1.396,379.217,P-EXCESS
540,27.0,0.4,2.991,1205.256,1.396,379.9042,P-EXCESS
541,27.05,0.4,2.991,1210.948,1.396,380.5904,P-EXCESS
542,27.1,0.4,2.991,1216.651,1.396,381.2756,P-EXCESS
543,27.15,0.4,2.991,1222.364,1.396,381.9599,P-EXCESS
544,27.2,0.4,2.991,1228.087,1.396,382.6433,P-EXCESS
545,27.25,0.4,2.991,1233.821,1.396,383.3258,P-EXCESS
546,27.3,0.4,2.991,1239.564,1.396,384.0073,P-EXCESS
547,27.35,0.4,2.991,1245.318,1.396,384.6879,P-EXCESS
548,27.4,0.4,2.991,1251.082,1.396,385.3677,P-EXCESS
549,27.45,0.4,2.991,1256.856,1.396,386.0465,P-EXCESS
550,27.5,0.4,2.991,1262.641,1.396,386.7245,P-EXCESS
551,27.55,0.4,2.991,1268.435,1.396,387.4015,P-EXCESS
552,27.6,0.4,2.991,1274.24,1.396,388.0777,P-EXCESS
553,27.65,0.4,2.991,1280.055,1.396,388.7531,P-EXCESS
554,27.7,0.4,2.991,1285.879,1.396,389.4276,P-EXCESS
555,27.75,0.4,2.991,1291.714,1.396,390.1013,P-EXCESS
556,27.8,0.4,2.991,1297.56,1.396,390.7741,P-EXCESS
557,27.85,0.4,2.991,1303.415,1.396,391.446,P-EXCESS
558,27.9,0.4,2.991,1309.28,1.396,392.1172,P-EXCESS
559,27.95,0.4,2.991,1315.155,1.397,392.7875,P-EXCESS
560,28.0,0.4,2.991,1321.041,1.397,393.4571,P-EXCESS
561,28.05,0.4,2.991,1326.936,1.397,394.1258,P-EXCESS
562,28.1,0.4,2.991,1332.841,1.397,394.7937,P-EXCESS
563,28.15,0.4,2.991,1338.757,1.397,395.4608,P-EXCESS
564,28.2,0.4,2.991,1344.682,1.397,396.1272,P-EXCESS
565,28.25,0.4,2.991,1350.618,1.397,396.7927,P-EXCESS
566,28.3,0.4,2.992,1356.563,1.397,397.4575,P-EXCESS
567,28.35,0.4,2.992,1362.518,1.397,398.1215,P-EXCESS
568,28.4,0.4,2.992,1368.484,1.397,398.7848,P-EXCESS
569,28.45,0.4,2.992,1374.459,1.397,399.4473,P-EXCESS
570,28.5,0.4,2.992,1380.444,1.397,400.1091,P-EXCESS
571,28.55,0.4,2.992,1386.439,1.397,400.7701,P-EXCESS
572,28.6,0.4,2.992,1392.444,1.397,401.4304,P-EXCESS
573,28.65,0.4,2.992,1398.459,1.397,402.0899,P-EXCESS
574,28.7,0.4,2.992,1404.484,1.397,402.7487,P-EXCESS
575,28.75,0.4,2.992,1410.518,1.397,403.4068,P-EXCESS
576,28.8,0.4,2.992,1416.563,1.397,404.0642,P-EXCESS
577,28.85,0.4,2.992,1422.617,1.397,404.7209,P-EXCESS
578,28.9,0.4,2.992,1428.681,1.397,405.3769,P-EXCESS
579,28.95,0.4,2.992,1434.755,1.397,406.0322,P-EXCESS
580,29.0,0.4,2.992,1440.839,1.397,406.6868,P-EXCESS
581,29.05,0.4,2.992,1446.933,1.397,407.3407,P-EXCESS
582,29.1,0.4,2.992,1453.036,1.397,407.9939,P-EXCESS
583,29.15,0.4,2.992,1459.149,1.397,408.6464,P-EXCESS
584,29.2,0.4,2.992,1465.272,1.397,409.2983,P-EXCESS
585,29.25,0.4,2.992,1471.405,1.397,409.9495,P-EXCESS
586,29.3,0.4,2.992,1477.547,1.397,410.6,P-EXCESS
587,29.35,0.4,2.992,1483.7,1.397,411.2499,P-EXCESS
588,29.4,0.4,2.992,1489.862,1.397,411.8991,P-EXCESS
589,29.45,0.3,2.992,1496.033,1.397,412.5477,P-EXCESS
590,29.5,0.3,2.992,1502.215,1.397,413.1956,P-EXCESS
591,29.55,0.3,2.992,1508.406,1.397,413.8429,P-EXCESS
592,29.6,0.3,2.992,1514.607,1.397,414.4896,P-EXCESS
593,29.65,0.3,2.992,1520.817,1.397,415.1356,P-EXCESS
594,29.7,0.3,2.992,1527.037,1.397,415.781,P-EXCESS
595,29.75,0.3,2.992,1533.267,1.397,416.4258,P-EXCESS
596,29.8,0.3,2.992,1539.507,1.397,417.0699,P-EXCESS
597,29.85,0.3,2.992,1545.756,1.397,417.7135,P-EXCESS
598,29.9,0.3,2.992,1552.015,1.397,418.3564,P-EXCESS
599,29.95,0.3,2.993,1558.283,1.397,418.9988,P-EXCESS
